-- phpMyAdmin SQL Dump
-- version 4.3.8
-- http://www.phpmyadmin.net
--
-- Host: localhost
-- Generation Time: Dec 15, 2016 at 12:06 PM
-- Server version: 5.5.51-38.2
-- PHP Version: 5.4.31

SET SQL_MODE = "NO_AUTO_VALUE_ON_ZERO";
SET time_zone = "+00:00";


/*!40101 SET @OLD_CHARACTER_SET_CLIENT=@@CHARACTER_SET_CLIENT */;
/*!40101 SET @OLD_CHARACTER_SET_RESULTS=@@CHARACTER_SET_RESULTS */;
/*!40101 SET @OLD_COLLATION_CONNECTION=@@COLLATION_CONNECTION */;
/*!40101 SET NAMES utf8 */;

--
-- Database: `cacac_db_docpro`
--
CREATE DATABASE IF NOT EXISTS `cacac_db_docpro` DEFAULT CHARACTER SET utf8 COLLATE utf8_unicode_ci;
USE `cacac_db_docpro`;

-- --------------------------------------------------------

--
-- Table structure for table `banks`
--

CREATE TABLE IF NOT EXISTS `banks` (
  `b_id` int(11) NOT NULL,
  `b_seq` varchar(255) NOT NULL,
  `b_code` varchar(255) NOT NULL,
  `b_name` varchar(255) NOT NULL,
  `b_shortname` varchar(255) NOT NULL,
  `b_company` varchar(255) NOT NULL,
  `b_validity_date` timestamp NOT NULL DEFAULT CURRENT_TIMESTAMP,
  `flag` int(11) NOT NULL DEFAULT '1'
) ENGINE=InnoDB AUTO_INCREMENT=2 DEFAULT CHARSET=latin1;

--
-- Dumping data for table `banks`
--

INSERT INTO `banks` (`b_id`, `b_seq`, `b_code`, `b_name`, `b_shortname`, `b_company`, `b_validity_date`, `flag`) VALUES
(1, '1', '1', 'iq9o', 'EQE', 'company', '2016-11-21 06:47:54', 1);

-- --------------------------------------------------------

--
-- Table structure for table `business_partners_class`
--

CREATE TABLE IF NOT EXISTS `business_partners_class` (
  `bpc_id` int(11) NOT NULL,
  `bpc_code` varchar(255) NOT NULL,
  `bpc_class` varchar(255) NOT NULL,
  `bpc_company` varchar(255) NOT NULL,
  `bpc_validity_date` timestamp NOT NULL DEFAULT CURRENT_TIMESTAMP,
  `flag` int(11) NOT NULL DEFAULT '1'
) ENGINE=InnoDB AUTO_INCREMENT=41 DEFAULT CHARSET=latin1;

--
-- Dumping data for table `business_partners_class`
--

INSERT INTO `business_partners_class` (`bpc_id`, `bpc_code`, `bpc_class`, `bpc_company`, `bpc_validity_date`, `flag`) VALUES
(1, '11', 'Company/Branch', 'docpro', '2016-11-03 15:45:50', 1),
(2, '21', 'Customer', 'docpro', '2016-11-03 15:45:50', 1),
(3, '31', 'Supplier-Ordinary Goods', 'docpro', '2016-11-03 15:45:50', 1),
(4, '32', 'Supplier-Capital Goods', 'docpro', '2016-11-03 15:45:50', 1),
(5, '33', 'Supplier-Other Goods', 'docpro', '2016-11-03 15:45:50', 1),
(6, '34', 'Supplier-Services', 'docpro', '2016-11-03 15:45:50', 1),
(7, '41', 'Related Party', 'docpro', '2016-11-03 15:45:50', 1),
(8, '51', 'Stockholder/Owner', 'docpro', '2016-11-03 15:45:50', 1),
(9, '61', 'Others (specify)', 'docpro', '2016-11-03 15:45:50', 1),
(10, '71', 'Employee', 'docpro', '2016-11-03 15:46:30', 1),
(11, '11', 'Company/Branch', 'company', '2016-11-21 05:43:48', 1),
(12, '21', 'Customer', 'company', '2016-11-21 05:43:48', 1),
(13, '31', 'Supplier-Ordinary Goods', 'company', '2016-11-21 05:43:48', 1),
(14, '32', 'Supplier-Capital Goods', 'company', '2016-11-21 05:43:48', 1),
(15, '33', 'Supplier-Other Goods', 'company', '2016-11-21 05:43:48', 1),
(16, '34', 'Supplier-Services', 'company', '2016-11-21 05:43:48', 1),
(17, '41', 'Related Party', 'company', '2016-11-21 05:43:48', 1),
(18, '51', 'Stockholder/Owner', 'company', '2016-11-21 05:43:48', 1),
(19, '61', 'Others (specify)', 'company', '2016-11-21 05:43:48', 1),
(20, '71', 'Employee', 'company', '2016-11-21 05:43:48', 1),
(21, '11', 'Company/Branch', 'company', '2016-11-21 05:44:59', 1),
(22, '21', 'Customer', 'company', '2016-11-21 05:44:59', 1),
(23, '31', 'Supplier-Ordinary Goods', 'company', '2016-11-21 05:44:59', 1),
(24, '32', 'Supplier-Capital Goods', 'company', '2016-11-21 05:44:59', 1),
(25, '33', 'Supplier-Other Goods', 'company', '2016-11-21 05:44:59', 1),
(26, '34', 'Supplier-Services', 'company', '2016-11-21 05:44:59', 1),
(27, '41', 'Related Party', 'company', '2016-11-21 05:44:59', 1),
(28, '51', 'Stockholder/Owner', 'company', '2016-11-21 05:44:59', 1),
(29, '61', 'Others (specify)', 'company', '2016-11-21 05:44:59', 1),
(30, '71', 'Employee', 'company', '2016-11-21 05:44:59', 1),
(31, '11', 'Company/Branch', 'company', '2016-11-21 05:45:19', 1),
(32, '21', 'Customer', 'company', '2016-11-21 05:45:19', 1),
(33, '31', 'Supplier-Ordinary Goods', 'company', '2016-11-21 05:45:19', 1),
(34, '32', 'Supplier-Capital Goods', 'company', '2016-11-21 05:45:19', 1),
(35, '33', 'Supplier-Other Goods', 'company', '2016-11-21 05:45:19', 1),
(36, '34', 'Supplier-Services', 'company', '2016-11-21 05:45:19', 1),
(37, '41', 'Related Party', 'company', '2016-11-21 05:45:19', 1),
(38, '51', 'Stockholder/Owner', 'company', '2016-11-21 05:45:19', 1),
(39, '61', 'Others (specify)', 'company', '2016-11-21 05:45:19', 1),
(40, '71', 'Employee', 'company', '2016-11-21 05:45:19', 1);

-- --------------------------------------------------------

--
-- Table structure for table `business_partners_type`
--

CREATE TABLE IF NOT EXISTS `business_partners_type` (
  `bpt_id` int(11) NOT NULL,
  `bpt_code` varchar(255) NOT NULL,
  `bpt_type` varchar(255) NOT NULL,
  `bpt_shortname` varchar(255) NOT NULL
) ENGINE=InnoDB AUTO_INCREMENT=4 DEFAULT CHARSET=latin1;

--
-- Dumping data for table `business_partners_type`
--

INSERT INTO `business_partners_type` (`bpt_id`, `bpt_code`, `bpt_type`, `bpt_shortname`) VALUES
(1, '1', 'Individual', 'IND'),
(2, '2', 'Non-Individual', 'CO'),
(3, '3', 'Government', 'GOV');

-- --------------------------------------------------------

--
-- Table structure for table `cb_br`
--

CREATE TABLE IF NOT EXISTS `cb_br` (
  `cbbr_id` int(11) NOT NULL,
  `cb_id` int(11) NOT NULL,
  `br_id` int(11) NOT NULL,
  `br_seq` varchar(255) NOT NULL,
  `cbbr_validity_date` timestamp NOT NULL DEFAULT CURRENT_TIMESTAMP,
  `cbbr_flag` int(11) NOT NULL DEFAULT '1'
) ENGINE=InnoDB AUTO_INCREMENT=24 DEFAULT CHARSET=latin1;

--
-- Dumping data for table `cb_br`
--

INSERT INTO `cb_br` (`cbbr_id`, `cb_id`, `br_id`, `br_seq`, `cbbr_validity_date`, `cbbr_flag`) VALUES
(1, 1, 1, '0', '2016-11-10 15:19:57', 1),
(2, 2, 2, '0', '2016-11-11 03:51:16', 1),
(3, 3, 3, '0', '2016-11-11 04:14:29', 1),
(4, 4, 4, '0', '2016-11-21 05:43:47', 1),
(5, 5, 5, '0', '2016-11-21 05:44:59', 1),
(6, 6, 6, '0', '2016-11-21 05:45:19', 1),
(7, 6, 7, '1', '2016-11-21 06:05:14', 1),
(8, 6, 8, '2', '2016-11-21 06:05:16', 1),
(9, 6, 9, '3', '2016-11-21 06:05:16', 1),
(10, 6, 10, '4', '2016-11-21 06:06:23', 1),
(11, 6, 11, '5', '2016-11-21 06:06:51', 1),
(12, 6, 12, '6', '2016-11-21 06:07:42', 1),
(13, 6, 13, '7', '2016-11-21 06:08:05', 1),
(14, 6, 14, '8', '2016-11-21 06:08:06', 1),
(15, 6, 15, '9', '2016-11-21 06:08:06', 1),
(16, 6, 16, '10', '2016-11-21 06:08:06', 1),
(17, 6, 17, '11', '2016-11-21 06:08:06', 1),
(18, 6, 18, '12', '2016-11-21 06:08:06', 1),
(19, 6, 19, '13', '2016-11-21 06:08:06', 1),
(20, 6, 20, '14', '2016-11-21 06:08:06', 1),
(21, 6, 21, '15', '2016-11-21 06:08:07', 1),
(22, 6, 22, '16', '2016-11-21 06:17:54', 1),
(23, 6, 23, '17', '2016-11-21 06:18:32', 1);

-- --------------------------------------------------------

--
-- Table structure for table `coa`
--

CREATE TABLE IF NOT EXISTS `coa` (
  `coa_id` int(11) NOT NULL,
  `coa_code` varchar(255) NOT NULL,
  `coa_name` varchar(255) NOT NULL,
  `lvl_1_id` int(11) NOT NULL,
  `lvl_2_id` int(11) NOT NULL,
  `lvl_3_id` int(11) NOT NULL,
  `lvl_4_id` int(11) NOT NULL,
  `lvl_5_id` int(11) NOT NULL,
  `lvl_6_id` int(11) NOT NULL,
  `coa_company` varchar(255) NOT NULL,
  `coa_validity_date` timestamp NOT NULL DEFAULT CURRENT_TIMESTAMP,
  `flag` int(11) NOT NULL DEFAULT '1'
) ENGINE=InnoDB AUTO_INCREMENT=5 DEFAULT CHARSET=latin1;

--
-- Dumping data for table `coa`
--

INSERT INTO `coa` (`coa_id`, `coa_code`, `coa_name`, `lvl_1_id`, `lvl_2_id`, `lvl_3_id`, `lvl_4_id`, `lvl_5_id`, `lvl_6_id`, `coa_company`, `coa_validity_date`, `flag`) VALUES
(1, '110110', 'Cash on Hand', 1, 3, 3, 4, 4, 0, 'docpro', '2016-11-11 03:38:10', 0),
(2, '110410', 'Merchandise Inventory', 1, 3, 18, 43, 43, 0, 'docpro', '2016-11-24 09:36:38', 1),
(3, '110130', 'Cash in Bank', 1, 3, 3, 23, 23, 0, 'docpro', '2016-11-25 02:23:33', 1),
(4, '110130', 'Cash in Bank', 1, 3, 3, 23, 23, 0, 'docpro', '2016-11-25 02:28:03', 1);

-- --------------------------------------------------------

--
-- Table structure for table `coalvl_1_2`
--

CREATE TABLE IF NOT EXISTS `coalvl_1_2` (
  `coalvl12_id` int(11) NOT NULL,
  `lvl_1_id` int(11) NOT NULL,
  `lvl_2_id` int(11) NOT NULL,
  `validity_date` timestamp NOT NULL DEFAULT CURRENT_TIMESTAMP,
  `flag` int(11) NOT NULL DEFAULT '1'
) ENGINE=InnoDB AUTO_INCREMENT=35 DEFAULT CHARSET=latin1;

--
-- Dumping data for table `coalvl_1_2`
--

INSERT INTO `coalvl_1_2` (`coalvl12_id`, `lvl_1_id`, `lvl_2_id`, `validity_date`, `flag`) VALUES
(1, 1, 1, '2016-11-11 03:20:37', 1),
(2, 2, 2, '2016-11-11 03:21:26', 1),
(3, 1, 3, '2016-11-11 03:23:04', 1),
(4, 3, 4, '2016-11-11 03:51:16', 1),
(5, 3, 5, '2016-11-11 03:51:16', 1),
(6, 4, 6, '2016-11-11 04:14:29', 1),
(7, 4, 7, '2016-11-11 04:14:29', 1),
(8, 5, 8, '2016-11-17 04:26:00', 1),
(9, 6, 9, '2016-11-21 05:43:47', 1),
(10, 6, 10, '2016-11-21 05:43:48', 1),
(11, 7, 11, '2016-11-21 05:44:59', 1),
(12, 7, 12, '2016-11-21 05:44:59', 1),
(13, 8, 13, '2016-11-21 05:45:19', 1),
(14, 8, 14, '2016-11-21 05:45:19', 1),
(15, 9, 15, '2016-11-21 06:11:27', 1),
(16, 1, 16, '2016-11-22 02:51:56', 1),
(17, 10, 17, '2016-11-22 05:25:40', 1),
(18, 10, 18, '2016-11-22 05:27:01', 1),
(19, 10, 19, '2016-11-22 05:51:11', 1),
(20, 11, 20, '2016-11-22 05:54:11', 1),
(21, 11, 21, '2016-11-22 05:54:47', 1),
(22, 11, 22, '2016-11-22 05:57:34', 1),
(23, 11, 23, '2016-11-22 06:06:40', 1),
(24, 12, 24, '2016-11-22 06:12:43', 1),
(25, 13, 25, '2016-11-22 06:13:43', 1),
(26, 14, 26, '2016-11-22 06:14:04', 1),
(27, 12, 27, '2016-11-24 06:21:33', 1),
(28, 12, 28, '2016-11-24 06:21:48', 1),
(29, 12, 29, '2016-11-24 06:22:39', 1),
(30, 12, 30, '2016-11-24 06:22:52', 1),
(31, 13, 31, '2016-11-24 07:03:54', 1),
(32, 13, 32, '2016-11-24 07:05:01', 1),
(33, 13, 33, '2016-11-24 07:05:38', 1),
(34, 14, 34, '2016-11-24 08:27:52', 1);

-- --------------------------------------------------------

--
-- Table structure for table `coalvl_2_3`
--

CREATE TABLE IF NOT EXISTS `coalvl_2_3` (
  `coalvl23_id` int(11) NOT NULL,
  `lvl_2_id` int(11) NOT NULL,
  `lvl_3_id` int(11) NOT NULL,
  `validity_date` timestamp NULL DEFAULT CURRENT_TIMESTAMP,
  `flag` int(11) NOT NULL DEFAULT '1'
) ENGINE=InnoDB AUTO_INCREMENT=123 DEFAULT CHARSET=latin1;

--
-- Dumping data for table `coalvl_2_3`
--

INSERT INTO `coalvl_2_3` (`coalvl23_id`, `lvl_2_id`, `lvl_3_id`, `validity_date`, `flag`) VALUES
(1, 1, 1, '2016-11-11 03:20:37', 1),
(2, 2, 2, '2016-11-11 03:21:26', 1),
(3, 3, 3, '2016-11-11 03:24:56', 1),
(4, 4, 4, '2016-11-11 03:51:16', 1),
(5, 5, 5, '2016-11-11 03:51:16', 1),
(6, 6, 6, '2016-11-11 04:14:29', 1),
(7, 7, 7, '2016-11-11 04:14:29', 1),
(8, 8, 8, '2016-11-17 04:26:00', 1),
(9, 9, 9, '2016-11-21 05:43:47', 1),
(10, 10, 10, '2016-11-21 05:43:48', 1),
(11, 11, 11, '2016-11-21 05:44:59', 1),
(12, 12, 12, '2016-11-21 05:44:59', 1),
(13, 13, 13, '2016-11-21 05:45:19', 1),
(14, 14, 14, '2016-11-21 05:45:19', 1),
(15, 15, 15, '2016-11-21 06:11:27', 1),
(16, 3, 16, '2016-11-22 01:40:54', 1),
(17, 3, 17, '2016-11-22 02:25:18', 1),
(18, 3, 18, '2016-11-22 02:30:31', 1),
(19, 3, 19, '2016-11-22 02:41:23', 1),
(20, 3, 20, '2016-11-22 02:50:14', 1),
(21, 16, 21, '2016-11-22 02:52:38', 1),
(22, 16, 22, '2016-11-22 02:59:57', 1),
(23, 16, 23, '2016-11-22 03:57:46', 1),
(24, 16, 24, '2016-11-22 04:06:35', 1),
(25, 16, 25, '2016-11-22 04:14:37', 1),
(26, 16, 26, '2016-11-22 04:15:29', 1),
(27, 16, 27, '2016-11-22 04:16:30', 1),
(28, 16, 28, '2016-11-22 05:21:06', 1),
(29, 17, 29, '2016-11-22 05:25:40', 1),
(30, 17, 30, '2016-11-22 05:28:12', 1),
(31, 18, 31, '2016-11-22 05:32:40', 1),
(32, 18, 32, '2016-11-22 05:34:07', 1),
(33, 18, 33, '2016-11-22 05:48:58', 1),
(34, 18, 34, '2016-11-22 05:49:22', 1),
(35, 18, 35, '2016-11-22 05:49:58', 1),
(36, 19, 36, '2016-11-22 05:52:02', 1),
(37, 19, 37, '2016-11-22 05:52:51', 1),
(38, 19, 38, '2016-11-22 05:53:30', 1),
(39, 20, 39, '2016-11-22 05:54:11', 1),
(40, 21, 40, '2016-11-22 05:55:30', 1),
(41, 21, 41, '2016-11-22 05:56:04', 1),
(42, 21, 42, '2016-11-22 05:56:23', 1),
(43, 21, 43, '2016-11-22 05:56:43', 1),
(44, 22, 44, '2016-11-22 05:59:04', 1),
(45, 22, 45, '2016-11-22 06:00:26', 1),
(46, 22, 46, '2016-11-22 06:04:31', 1),
(47, 23, 47, '2016-11-22 06:07:05', 1),
(48, 23, 48, '2016-11-22 06:07:25', 1),
(49, 23, 49, '2016-11-22 06:07:59', 1),
(50, 22, 50, '2016-11-22 06:09:29', 1),
(51, 24, 51, '2016-11-22 06:12:43', 1),
(52, 25, 52, '2016-11-22 06:13:43', 1),
(53, 26, 53, '2016-11-22 06:14:04', 1),
(54, 27, 54, '2016-11-24 06:23:52', 1),
(55, 27, 55, '2016-11-24 06:24:18', 1),
(56, 30, 56, '2016-11-24 06:28:09', 1),
(57, 30, 57, '2016-11-24 06:28:53', 1),
(58, 30, 58, '2016-11-24 06:32:04', 1),
(59, 30, 59, '2016-11-24 06:32:30', 1),
(60, 30, 60, '2016-11-24 06:35:03', 1),
(61, 31, 61, '2016-11-24 07:07:48', 1),
(62, 31, 62, '2016-11-24 07:08:26', 1),
(63, 31, 63, '2016-11-24 07:09:03', 1),
(64, 31, 64, '2016-11-24 07:10:17', 1),
(65, 31, 65, '2016-11-24 07:12:17', 1),
(66, 31, 66, '2016-11-24 07:12:54', 1),
(67, 32, 67, '2016-11-24 08:06:56', 1),
(68, 32, 68, '2016-11-24 08:12:28', 1),
(69, 32, 69, '2016-11-24 08:16:53', 1),
(70, 32, 70, '2016-11-24 08:17:21', 1),
(71, 32, 71, '2016-11-24 08:17:33', 1),
(72, 33, 72, '2016-11-24 08:20:00', 1),
(73, 33, 73, '2016-11-24 08:20:21', 1),
(74, 33, 74, '2016-11-24 08:20:46', 1),
(75, 33, 75, '2016-11-24 08:21:24', 1),
(76, 33, 76, '2016-11-24 08:21:55', 1),
(77, 33, 77, '2016-11-24 08:23:37', 1),
(78, 33, 78, '2016-11-24 08:23:51', 1),
(79, 33, 79, '2016-11-24 08:24:18', 1),
(80, 33, 80, '2016-11-24 08:25:01', 1),
(81, 33, 81, '2016-11-24 08:25:48', 1),
(82, 33, 82, '2016-11-24 08:26:08', 1),
(83, 34, 83, '2016-11-24 08:28:36', 1),
(84, 34, 84, '2016-11-24 08:29:35', 1),
(85, 34, 85, '2016-11-24 08:37:16', 1),
(86, 34, 86, '2016-11-24 08:38:30', 1),
(87, 34, 87, '2016-11-24 08:39:35', 1),
(88, 34, 88, '2016-11-24 08:39:49', 1),
(89, 34, 89, '2016-11-24 08:41:17', 1),
(90, 34, 90, '2016-11-24 08:42:13', 1),
(91, 34, 91, '2016-11-24 08:50:58', 1),
(92, 34, 92, '2016-11-24 08:51:20', 1),
(93, 34, 93, '2016-11-24 08:51:55', 1),
(94, 34, 94, '2016-11-24 08:52:13', 1),
(95, 34, 95, '2016-11-24 08:53:00', 1),
(96, 34, 96, '2016-11-24 08:53:27', 1),
(97, 34, 97, '2016-11-24 08:53:46', 1),
(98, 34, 98, '2016-11-24 08:55:48', 1),
(99, 34, 99, '2016-11-24 08:58:16', 1),
(100, 34, 100, '2016-11-24 09:02:05', 1),
(101, 34, 101, '2016-11-24 09:03:12', 1),
(102, 34, 102, '2016-11-24 09:03:53', 1),
(103, 34, 103, '2016-11-24 09:06:07', 1),
(104, 34, 104, '2016-11-24 09:06:35', 1),
(105, 34, 105, '2016-11-24 09:08:53', 1),
(106, 34, 106, '2016-11-24 09:15:01', 1),
(107, 34, 107, '2016-11-24 09:17:33', 1),
(108, 34, 108, '2016-11-24 09:19:32', 1),
(109, 34, 109, '2016-11-24 09:19:57', 1),
(110, 34, 110, '2016-11-24 09:20:13', 1),
(111, 34, 111, '2016-11-24 09:20:31', 1),
(112, 34, 112, '2016-11-24 09:22:22', 1),
(113, 34, 113, '2016-11-24 09:23:18', 1),
(114, 34, 114, '2016-11-24 09:24:47', 1),
(115, 34, 115, '2016-11-24 09:26:13', 1),
(116, 34, 116, '2016-11-24 09:26:41', 1),
(117, 34, 117, '2016-11-24 09:27:53', 1),
(118, 34, 118, '2016-11-24 09:29:24', 1),
(119, 27, 119, '2016-11-25 01:23:18', 1),
(120, 28, 120, '2016-11-25 01:28:19', 1),
(121, 28, 121, '2016-11-25 01:28:40', 1),
(122, 31, 122, '2016-11-25 01:30:28', 1);

-- --------------------------------------------------------

--
-- Table structure for table `coalvl_3_4`
--

CREATE TABLE IF NOT EXISTS `coalvl_3_4` (
  `coalvl34_id` int(11) NOT NULL,
  `lvl_3_id` int(11) NOT NULL,
  `lvl_4_id` int(11) NOT NULL,
  `validity_date` timestamp NOT NULL DEFAULT CURRENT_TIMESTAMP,
  `flag` int(11) NOT NULL DEFAULT '1'
) ENGINE=InnoDB AUTO_INCREMENT=295 DEFAULT CHARSET=latin1;

--
-- Dumping data for table `coalvl_3_4`
--

INSERT INTO `coalvl_3_4` (`coalvl34_id`, `lvl_3_id`, `lvl_4_id`, `validity_date`, `flag`) VALUES
(1, 1, 1, '2016-11-11 03:20:37', 1),
(2, 2, 2, '2016-11-11 03:21:26', 1),
(3, 3, 3, '2016-11-11 03:24:56', 1),
(4, 3, 4, '2016-11-11 03:25:26', 1),
(5, 4, 5, '2016-11-11 03:51:16', 1),
(6, 5, 6, '2016-11-11 03:51:16', 1),
(7, 5, 7, '2016-11-11 03:51:16', 1),
(8, 6, 8, '2016-11-11 04:14:29', 1),
(9, 7, 9, '2016-11-11 04:14:29', 1),
(10, 7, 10, '2016-11-11 04:14:29', 1),
(11, 8, 11, '2016-11-17 04:26:00', 1),
(12, 9, 12, '2016-11-21 05:43:47', 1),
(13, 10, 13, '2016-11-21 05:43:48', 1),
(14, 10, 14, '2016-11-21 05:43:48', 1),
(15, 11, 15, '2016-11-21 05:44:59', 1),
(16, 12, 16, '2016-11-21 05:44:59', 1),
(17, 12, 17, '2016-11-21 05:44:59', 1),
(18, 13, 18, '2016-11-21 05:45:19', 1),
(19, 14, 19, '2016-11-21 05:45:19', 1),
(20, 14, 20, '2016-11-21 05:45:19', 1),
(21, 15, 21, '2016-11-21 06:11:27', 1),
(22, 3, 22, '2016-11-22 01:30:58', 1),
(23, 3, 23, '2016-11-22 01:32:00', 1),
(24, 3, 24, '2016-11-22 01:32:59', 1),
(25, 3, 25, '2016-11-22 01:33:44', 1),
(26, 3, 26, '2016-11-22 01:34:20', 1),
(27, 16, 27, '2016-11-22 01:40:54', 1),
(28, 16, 28, '2016-11-22 02:16:32', 1),
(29, 16, 29, '2016-11-22 02:17:29', 1),
(30, 16, 30, '2016-11-22 02:21:12', 1),
(31, 16, 31, '2016-11-22 02:21:55', 1),
(32, 16, 32, '2016-11-22 02:22:38', 1),
(33, 16, 33, '2016-11-22 02:23:27', 1),
(34, 17, 34, '2016-11-22 02:25:18', 1),
(35, 17, 35, '2016-11-22 02:25:53', 1),
(36, 17, 36, '2016-11-22 02:26:32', 1),
(37, 17, 37, '2016-11-22 02:27:01', 1),
(38, 17, 38, '2016-11-22 02:27:53', 1),
(39, 17, 39, '2016-11-22 02:28:30', 1),
(40, 18, 40, '2016-11-22 02:30:31', 1),
(41, 17, 41, '2016-11-22 02:31:07', 1),
(42, 17, 42, '2016-11-22 02:33:45', 1),
(43, 18, 43, '2016-11-22 02:36:52', 1),
(44, 18, 44, '2016-11-22 02:37:33', 1),
(45, 18, 45, '2016-11-22 02:38:35', 1),
(46, 18, 46, '2016-11-22 02:39:50', 1),
(47, 19, 47, '2016-11-22 02:41:23', 1),
(48, 19, 48, '2016-11-22 02:42:11', 1),
(49, 19, 49, '2016-11-22 02:42:24', 1),
(50, 19, 50, '2016-11-22 02:42:46', 1),
(51, 20, 51, '2016-11-22 02:50:14', 1),
(52, 20, 52, '2016-11-22 02:50:41', 1),
(53, 20, 53, '2016-11-22 02:51:09', 1),
(54, 21, 54, '2016-11-22 02:52:38', 1),
(55, 21, 55, '2016-11-22 02:53:01', 1),
(56, 21, 56, '2016-11-22 02:53:31', 1),
(57, 21, 57, '2016-11-22 02:53:51', 1),
(58, 21, 58, '2016-11-22 02:54:07', 1),
(59, 21, 59, '2016-11-22 02:54:23', 1),
(60, 21, 60, '2016-11-22 02:54:44', 1),
(61, 21, 61, '2016-11-22 02:55:08', 1),
(62, 21, 62, '2016-11-22 02:56:01', 1),
(63, 22, 63, '2016-11-22 02:59:57', 1),
(64, 22, 64, '2016-11-22 03:00:21', 1),
(65, 22, 65, '2016-11-22 03:28:14', 1),
(66, 22, 66, '2016-11-22 03:50:44', 1),
(67, 22, 67, '2016-11-22 03:51:31', 1),
(68, 23, 68, '2016-11-22 03:57:46', 1),
(69, 23, 69, '2016-11-22 03:58:40', 1),
(70, 23, 70, '2016-11-22 03:59:41', 1),
(71, 23, 71, '2016-11-22 04:00:26', 1),
(72, 23, 72, '2016-11-22 04:01:31', 1),
(73, 23, 73, '2016-11-22 04:02:36', 1),
(74, 23, 74, '2016-11-22 04:03:28', 1),
(75, 24, 75, '2016-11-22 04:06:35', 1),
(76, 24, 76, '2016-11-22 04:07:01', 1),
(77, 24, 77, '2016-11-22 04:09:15', 1),
(78, 24, 78, '2016-11-22 04:09:44', 1),
(79, 24, 79, '2016-11-22 04:10:13', 1),
(80, 24, 80, '2016-11-22 04:11:23', 1),
(81, 24, 81, '2016-11-22 04:12:28', 1),
(82, 24, 82, '2016-11-22 04:13:09', 1),
(83, 25, 83, '2016-11-22 04:14:37', 1),
(84, 26, 84, '2016-11-22 04:15:29', 1),
(85, 27, 85, '2016-11-22 04:16:30', 1),
(86, 27, 86, '2016-11-22 04:56:45', 1),
(87, 27, 87, '2016-11-22 05:18:53', 1),
(88, 27, 88, '2016-11-22 05:19:34', 1),
(89, 28, 89, '2016-11-22 05:21:06', 1),
(90, 29, 90, '2016-11-22 05:25:40', 1),
(91, 30, 91, '2016-11-22 05:28:12', 1),
(92, 30, 92, '2016-11-22 05:30:08', 1),
(93, 31, 93, '2016-11-22 05:32:40', 1),
(94, 31, 94, '2016-11-22 05:33:18', 1),
(95, 32, 95, '2016-11-22 05:34:07', 1),
(96, 32, 96, '2016-11-22 05:35:14', 1),
(97, 32, 97, '2016-11-22 05:35:48', 1),
(98, 32, 98, '2016-11-22 05:36:09', 1),
(99, 32, 99, '2016-11-22 05:36:31', 1),
(100, 32, 100, '2016-11-22 05:36:52', 1),
(101, 33, 101, '2016-11-22 05:48:58', 1),
(102, 34, 102, '2016-11-22 05:49:22', 1),
(103, 35, 103, '2016-11-22 05:49:58', 1),
(104, 31, 104, '2016-11-22 05:50:49', 1),
(105, 36, 105, '2016-11-22 05:52:02', 1),
(106, 37, 106, '2016-11-22 05:52:51', 1),
(107, 38, 107, '2016-11-22 05:53:30', 1),
(108, 39, 108, '2016-11-22 05:54:11', 1),
(109, 40, 109, '2016-11-22 05:55:30', 1),
(110, 41, 110, '2016-11-22 05:56:04', 1),
(111, 42, 111, '2016-11-22 05:56:23', 1),
(112, 43, 112, '2016-11-22 05:56:43', 1),
(113, 44, 113, '2016-11-22 05:59:04', 1),
(114, 44, 114, '2016-11-22 05:59:26', 1),
(115, 44, 115, '2016-11-22 05:59:45', 1),
(116, 45, 116, '2016-11-22 06:00:26', 1),
(117, 45, 117, '2016-11-22 06:00:46', 1),
(118, 45, 118, '2016-11-22 06:01:46', 1),
(119, 45, 119, '2016-11-22 06:02:04', 1),
(120, 45, 120, '2016-11-22 06:02:28', 1),
(121, 45, 121, '2016-11-22 06:02:56', 1),
(122, 45, 122, '2016-11-22 06:03:33', 1),
(123, 46, 123, '2016-11-22 06:04:31', 1),
(124, 46, 124, '2016-11-22 06:04:56', 1),
(125, 46, 125, '2016-11-22 06:05:25', 1),
(126, 46, 126, '2016-11-22 06:05:40', 1),
(127, 46, 127, '2016-11-22 06:06:00', 1),
(128, 47, 128, '2016-11-22 06:07:05', 1),
(129, 48, 129, '2016-11-22 06:07:25', 1),
(130, 49, 130, '2016-11-22 06:07:59', 1),
(131, 44, 131, '2016-11-22 06:08:36', 1),
(132, 50, 132, '2016-11-22 06:09:29', 1),
(133, 50, 133, '2016-11-22 06:10:00', 1),
(134, 50, 134, '2016-11-22 06:10:16', 1),
(135, 50, 135, '2016-11-22 06:10:46', 1),
(136, 50, 136, '2016-11-22 06:11:09', 1),
(137, 50, 137, '2016-11-22 06:11:29', 1),
(138, 51, 138, '2016-11-22 06:12:43', 1),
(139, 52, 139, '2016-11-22 06:13:43', 1),
(140, 53, 140, '2016-11-22 06:14:04', 1),
(141, 54, 141, '2016-11-24 06:23:52', 1),
(142, 55, 142, '2016-11-24 06:24:18', 1),
(143, 56, 143, '2016-11-24 06:28:09', 1),
(144, 57, 144, '2016-11-24 06:28:53', 1),
(145, 58, 145, '2016-11-24 06:32:04', 1),
(146, 59, 146, '2016-11-24 06:32:30', 1),
(147, 60, 147, '2016-11-24 06:35:03', 1),
(148, 59, 148, '2016-11-24 06:47:30', 1),
(149, 59, 149, '2016-11-24 06:47:46', 1),
(150, 59, 150, '2016-11-24 06:51:04', 1),
(151, 59, 151, '2016-11-24 06:51:21', 1),
(152, 60, 152, '2016-11-24 06:52:25', 1),
(153, 60, 153, '2016-11-24 06:52:39', 1),
(154, 60, 154, '2016-11-24 06:52:57', 1),
(155, 60, 155, '2016-11-24 06:53:16', 1),
(156, 60, 156, '2016-11-24 06:53:33', 1),
(157, 60, 157, '2016-11-24 06:53:49', 1),
(158, 61, 158, '2016-11-24 07:07:48', 1),
(159, 62, 159, '2016-11-24 07:08:26', 1),
(160, 63, 160, '2016-11-24 07:09:03', 1),
(161, 64, 161, '2016-11-24 07:10:17', 1),
(162, 65, 162, '2016-11-24 07:12:17', 1),
(163, 66, 163, '2016-11-24 07:12:54', 1),
(164, 67, 164, '2016-11-24 08:06:56', 1),
(165, 67, 165, '2016-11-24 08:07:17', 1),
(166, 67, 166, '2016-11-24 08:07:37', 1),
(167, 67, 167, '2016-11-24 08:08:02', 1),
(168, 67, 168, '2016-11-24 08:12:05', 1),
(169, 68, 169, '2016-11-24 08:12:28', 1),
(170, 68, 170, '2016-11-24 08:15:46', 1),
(171, 68, 171, '2016-11-24 08:15:58', 1),
(172, 68, 172, '2016-11-24 08:16:10', 1),
(173, 68, 173, '2016-11-24 08:16:22', 1),
(174, 69, 174, '2016-11-24 08:16:53', 1),
(175, 70, 175, '2016-11-24 08:17:21', 1),
(176, 71, 176, '2016-11-24 08:17:33', 1),
(177, 72, 177, '2016-11-24 08:20:00', 1),
(178, 73, 178, '2016-11-24 08:20:21', 1),
(179, 74, 179, '2016-11-24 08:20:46', 1),
(180, 75, 180, '2016-11-24 08:21:24', 1),
(181, 76, 181, '2016-11-24 08:21:55', 1),
(182, 77, 182, '2016-11-24 08:23:37', 1),
(183, 78, 183, '2016-11-24 08:23:51', 1),
(184, 79, 184, '2016-11-24 08:24:18', 1),
(185, 80, 185, '2016-11-24 08:25:01', 1),
(186, 81, 186, '2016-11-24 08:25:48', 1),
(187, 82, 187, '2016-11-24 08:26:08', 1),
(188, 83, 188, '2016-11-24 08:28:36', 1),
(189, 83, 189, '2016-11-24 08:28:48', 1),
(190, 83, 190, '2016-11-24 08:29:06', 1),
(191, 84, 191, '2016-11-24 08:29:35', 1),
(192, 84, 192, '2016-11-24 08:29:51', 1),
(193, 84, 193, '2016-11-24 08:31:01', 1),
(194, 84, 194, '2016-11-24 08:31:25', 1),
(195, 84, 195, '2016-11-24 08:31:44', 1),
(196, 84, 196, '2016-11-24 08:31:57', 1),
(197, 85, 197, '2016-11-24 08:37:16', 1),
(198, 86, 198, '2016-11-24 08:38:30', 1),
(199, 86, 199, '2016-11-24 08:39:04', 1),
(200, 86, 200, '2016-11-24 08:39:20', 1),
(201, 87, 201, '2016-11-24 08:39:35', 1),
(202, 88, 202, '2016-11-24 08:39:49', 1),
(203, 88, 203, '2016-11-24 08:40:08', 1),
(204, 88, 204, '2016-11-24 08:40:24', 1),
(205, 88, 205, '2016-11-24 08:40:51', 1),
(206, 89, 206, '2016-11-24 08:41:17', 1),
(207, 89, 207, '2016-11-24 08:41:37', 1),
(208, 89, 208, '2016-11-24 08:41:52', 1),
(209, 90, 209, '2016-11-24 08:42:13', 1),
(210, 90, 210, '2016-11-24 08:45:48', 1),
(211, 90, 211, '2016-11-24 08:46:26', 1),
(212, 90, 212, '2016-11-24 08:46:51', 1),
(213, 90, 213, '2016-11-24 08:47:19', 1),
(214, 90, 214, '2016-11-24 08:47:55', 1),
(215, 91, 215, '2016-11-24 08:50:58', 1),
(216, 92, 216, '2016-11-24 08:51:20', 1),
(217, 93, 217, '2016-11-24 08:51:55', 1),
(218, 94, 218, '2016-11-24 08:52:13', 1),
(219, 95, 219, '2016-11-24 08:53:00', 1),
(220, 96, 220, '2016-11-24 08:53:27', 1),
(221, 97, 221, '2016-11-24 08:53:46', 1),
(222, 95, 222, '2016-11-24 08:54:50', 1),
(223, 95, 223, '2016-11-24 08:55:12', 1),
(224, 98, 224, '2016-11-24 08:55:48', 1),
(225, 98, 225, '2016-11-24 08:56:59', 1),
(226, 98, 226, '2016-11-24 08:57:32', 1),
(227, 99, 227, '2016-11-24 08:58:16', 1),
(228, 99, 228, '2016-11-24 08:58:57', 1),
(229, 99, 229, '2016-11-24 08:59:43', 1),
(230, 99, 230, '2016-11-24 08:59:57', 1),
(231, 99, 231, '2016-11-24 09:00:47', 1),
(232, 99, 232, '2016-11-24 09:01:09', 1),
(233, 100, 233, '2016-11-24 09:02:05', 1),
(234, 101, 234, '2016-11-24 09:03:12', 1),
(235, 102, 235, '2016-11-24 09:03:53', 1),
(236, 102, 236, '2016-11-24 09:05:06', 1),
(237, 102, 237, '2016-11-24 09:05:22', 1),
(238, 102, 238, '2016-11-24 09:05:50', 1),
(239, 103, 239, '2016-11-24 09:06:07', 1),
(240, 104, 240, '2016-11-24 09:06:35', 1),
(241, 104, 241, '2016-11-24 09:07:12', 1),
(242, 104, 242, '2016-11-24 09:07:52', 1),
(243, 104, 243, '2016-11-24 09:08:12', 1),
(244, 105, 244, '2016-11-24 09:08:53', 1),
(245, 105, 245, '2016-11-24 09:09:20', 1),
(246, 105, 246, '2016-11-24 09:10:18', 1),
(247, 105, 247, '2016-11-24 09:14:27', 1),
(248, 106, 248, '2016-11-24 09:15:01', 1),
(249, 106, 249, '2016-11-24 09:15:43', 1),
(250, 106, 250, '2016-11-24 09:15:59', 1),
(251, 106, 251, '2016-11-24 09:16:19', 1),
(252, 106, 252, '2016-11-24 09:16:49', 1),
(253, 107, 253, '2016-11-24 09:17:33', 1),
(254, 107, 254, '2016-11-24 09:18:02', 1),
(255, 107, 255, '2016-11-24 09:18:22', 1),
(256, 107, 256, '2016-11-24 09:18:44', 1),
(257, 107, 257, '2016-11-24 09:19:07', 1),
(258, 108, 258, '2016-11-24 09:19:32', 1),
(259, 109, 259, '2016-11-24 09:19:57', 1),
(260, 110, 260, '2016-11-24 09:20:13', 1),
(261, 111, 261, '2016-11-24 09:20:31', 1),
(262, 111, 262, '2016-11-24 09:20:55', 1),
(263, 111, 263, '2016-11-24 09:21:11', 1),
(264, 111, 264, '2016-11-24 09:21:24', 1),
(265, 111, 265, '2016-11-24 09:21:36', 1),
(266, 111, 266, '2016-11-24 09:21:53', 1),
(267, 112, 267, '2016-11-24 09:22:22', 1),
(268, 113, 268, '2016-11-24 09:23:18', 1),
(269, 113, 269, '2016-11-24 09:23:43', 1),
(270, 113, 270, '2016-11-24 09:23:56', 1),
(271, 113, 271, '2016-11-24 09:24:09', 1),
(272, 113, 272, '2016-11-24 09:24:21', 1),
(273, 114, 273, '2016-11-24 09:24:47', 1),
(274, 115, 274, '2016-11-24 09:26:13', 1),
(275, 116, 275, '2016-11-24 09:26:41', 1),
(276, 116, 276, '2016-11-24 09:27:15', 1),
(277, 117, 277, '2016-11-24 09:27:53', 1),
(278, 117, 278, '2016-11-24 09:28:47', 1),
(279, 118, 279, '2016-11-24 09:29:24', 1),
(280, 118, 280, '2016-11-24 09:29:50', 1),
(281, 118, 281, '2016-11-24 09:30:09', 1),
(282, 118, 282, '2016-11-24 09:30:51', 1),
(283, 118, 283, '2016-11-24 09:31:19', 1),
(284, 118, 284, '2016-11-24 09:31:40', 1),
(285, 85, 285, '2016-11-24 09:34:41', 1),
(286, 85, 286, '2016-11-24 09:35:07', 1),
(287, 32, 287, '2016-11-24 09:49:58', 1),
(288, 32, 288, '2016-11-24 09:50:01', 1),
(289, 32, 289, '2016-11-24 09:51:44', 1),
(290, 32, 290, '2016-11-24 09:52:51', 1),
(291, 119, 291, '2016-11-25 01:23:18', 1),
(292, 120, 292, '2016-11-25 01:28:19', 1),
(293, 121, 293, '2016-11-25 01:28:40', 1),
(294, 122, 294, '2016-11-25 01:30:28', 1);

-- --------------------------------------------------------

--
-- Table structure for table `coalvl_4_5`
--

CREATE TABLE IF NOT EXISTS `coalvl_4_5` (
  `coalvl45_id` int(11) NOT NULL,
  `lvl_4_id` int(11) NOT NULL,
  `lvl_5_id` int(11) NOT NULL,
  `validity_date` timestamp NOT NULL DEFAULT CURRENT_TIMESTAMP,
  `flag` int(11) NOT NULL DEFAULT '1'
) ENGINE=InnoDB AUTO_INCREMENT=296 DEFAULT CHARSET=latin1;

--
-- Dumping data for table `coalvl_4_5`
--

INSERT INTO `coalvl_4_5` (`coalvl45_id`, `lvl_4_id`, `lvl_5_id`, `validity_date`, `flag`) VALUES
(1, 1, 1, '2016-11-11 03:20:37', 1),
(2, 2, 2, '2016-11-11 03:21:26', 1),
(3, 3, 3, '2016-11-11 03:24:56', 1),
(4, 4, 4, '2016-11-11 03:25:26', 1),
(5, 5, 5, '2016-11-11 03:51:16', 1),
(6, 6, 6, '2016-11-11 03:51:16', 1),
(7, 7, 7, '2016-11-11 03:51:16', 1),
(8, 8, 8, '2016-11-11 04:14:29', 1),
(9, 9, 9, '2016-11-11 04:14:29', 1),
(10, 10, 10, '2016-11-11 04:14:29', 1),
(11, 11, 11, '2016-11-17 04:26:00', 1),
(12, 12, 12, '2016-11-21 05:43:48', 1),
(13, 13, 13, '2016-11-21 05:43:48', 1),
(14, 14, 14, '2016-11-21 05:43:48', 1),
(15, 15, 15, '2016-11-21 05:44:59', 1),
(16, 16, 16, '2016-11-21 05:44:59', 1),
(17, 17, 17, '2016-11-21 05:44:59', 1),
(18, 18, 18, '2016-11-21 05:45:19', 1),
(19, 19, 19, '2016-11-21 05:45:19', 1),
(20, 20, 20, '2016-11-21 05:45:19', 1),
(21, 21, 21, '2016-11-21 06:11:27', 1),
(22, 22, 22, '2016-11-22 01:30:58', 1),
(23, 23, 23, '2016-11-22 01:32:00', 1),
(24, 24, 24, '2016-11-22 01:32:59', 1),
(25, 25, 25, '2016-11-22 01:33:44', 1),
(26, 26, 26, '2016-11-22 01:34:20', 1),
(27, 27, 27, '2016-11-22 01:40:54', 1),
(28, 28, 28, '2016-11-22 02:16:32', 1),
(29, 29, 29, '2016-11-22 02:17:29', 1),
(30, 30, 30, '2016-11-22 02:21:12', 1),
(31, 31, 31, '2016-11-22 02:21:55', 1),
(32, 32, 32, '2016-11-22 02:22:38', 1),
(33, 33, 33, '2016-11-22 02:23:27', 1),
(34, 34, 34, '2016-11-22 02:25:18', 1),
(35, 35, 35, '2016-11-22 02:25:53', 1),
(36, 36, 36, '2016-11-22 02:26:32', 1),
(37, 37, 37, '2016-11-22 02:27:01', 1),
(38, 38, 38, '2016-11-22 02:27:53', 1),
(39, 39, 39, '2016-11-22 02:28:30', 1),
(40, 40, 40, '2016-11-22 02:30:31', 1),
(41, 41, 41, '2016-11-22 02:31:07', 1),
(42, 42, 42, '2016-11-22 02:33:45', 1),
(43, 43, 43, '2016-11-22 02:36:52', 1),
(44, 44, 44, '2016-11-22 02:37:33', 1),
(45, 45, 45, '2016-11-22 02:38:35', 1),
(46, 46, 46, '2016-11-22 02:39:50', 1),
(47, 47, 47, '2016-11-22 02:41:23', 1),
(48, 48, 48, '2016-11-22 02:42:11', 1),
(49, 49, 49, '2016-11-22 02:42:24', 1),
(50, 50, 50, '2016-11-22 02:42:46', 1),
(51, 51, 51, '2016-11-22 02:50:14', 1),
(52, 52, 52, '2016-11-22 02:50:41', 1),
(53, 53, 53, '2016-11-22 02:51:09', 1),
(54, 54, 54, '2016-11-22 02:52:38', 1),
(55, 55, 55, '2016-11-22 02:53:01', 1),
(56, 56, 56, '2016-11-22 02:53:31', 1),
(57, 57, 57, '2016-11-22 02:53:51', 1),
(58, 58, 58, '2016-11-22 02:54:07', 1),
(59, 59, 59, '2016-11-22 02:54:23', 1),
(60, 60, 60, '2016-11-22 02:54:44', 1),
(61, 61, 61, '2016-11-22 02:55:08', 1),
(62, 62, 62, '2016-11-22 02:56:01', 1),
(63, 63, 63, '2016-11-22 02:59:57', 1),
(64, 64, 64, '2016-11-22 03:00:21', 1),
(65, 65, 65, '2016-11-22 03:28:14', 1),
(66, 66, 66, '2016-11-22 03:50:44', 1),
(67, 67, 67, '2016-11-22 03:51:31', 1),
(68, 68, 68, '2016-11-22 03:57:46', 1),
(69, 69, 69, '2016-11-22 03:58:40', 1),
(70, 70, 70, '2016-11-22 03:59:41', 1),
(71, 71, 71, '2016-11-22 04:00:26', 1),
(72, 72, 72, '2016-11-22 04:01:31', 1),
(73, 73, 73, '2016-11-22 04:02:36', 1),
(74, 74, 74, '2016-11-22 04:03:28', 1),
(75, 75, 75, '2016-11-22 04:06:35', 1),
(76, 76, 76, '2016-11-22 04:07:01', 1),
(77, 77, 77, '2016-11-22 04:09:15', 1),
(78, 78, 78, '2016-11-22 04:09:44', 1),
(79, 79, 79, '2016-11-22 04:10:13', 1),
(80, 80, 80, '2016-11-22 04:11:23', 1),
(81, 81, 81, '2016-11-22 04:12:28', 1),
(82, 82, 82, '2016-11-22 04:13:09', 1),
(83, 83, 83, '2016-11-22 04:14:37', 1),
(84, 84, 84, '2016-11-22 04:15:29', 1),
(85, 85, 85, '2016-11-22 04:16:30', 1),
(86, 86, 86, '2016-11-22 04:56:45', 1),
(87, 87, 87, '2016-11-22 05:18:53', 1),
(88, 88, 88, '2016-11-22 05:19:34', 1),
(89, 89, 89, '2016-11-22 05:21:06', 1),
(90, 90, 90, '2016-11-22 05:25:40', 1),
(91, 91, 91, '2016-11-22 05:28:12', 1),
(92, 92, 92, '2016-11-22 05:30:08', 1),
(93, 93, 93, '2016-11-22 05:32:40', 1),
(94, 94, 94, '2016-11-22 05:33:18', 1),
(95, 95, 95, '2016-11-22 05:34:07', 1),
(96, 96, 96, '2016-11-22 05:35:14', 1),
(97, 97, 97, '2016-11-22 05:35:48', 1),
(98, 98, 98, '2016-11-22 05:36:09', 1),
(99, 99, 99, '2016-11-22 05:36:31', 1),
(100, 100, 100, '2016-11-22 05:36:52', 1),
(101, 101, 101, '2016-11-22 05:48:58', 1),
(102, 102, 102, '2016-11-22 05:49:22', 1),
(103, 103, 103, '2016-11-22 05:49:58', 1),
(104, 104, 104, '2016-11-22 05:50:49', 1),
(105, 105, 105, '2016-11-22 05:52:02', 1),
(106, 106, 106, '2016-11-22 05:52:51', 1),
(107, 107, 107, '2016-11-22 05:53:30', 1),
(108, 108, 108, '2016-11-22 05:54:11', 1),
(109, 109, 109, '2016-11-22 05:55:30', 1),
(110, 110, 110, '2016-11-22 05:56:04', 1),
(111, 111, 111, '2016-11-22 05:56:23', 1),
(112, 112, 112, '2016-11-22 05:56:43', 1),
(113, 113, 113, '2016-11-22 05:59:04', 1),
(114, 114, 114, '2016-11-22 05:59:26', 1),
(115, 115, 115, '2016-11-22 05:59:45', 1),
(116, 116, 116, '2016-11-22 06:00:26', 1),
(117, 117, 117, '2016-11-22 06:00:46', 1),
(118, 118, 118, '2016-11-22 06:01:46', 1),
(119, 119, 119, '2016-11-22 06:02:04', 1),
(120, 120, 120, '2016-11-22 06:02:28', 1),
(121, 121, 121, '2016-11-22 06:02:56', 1),
(122, 122, 122, '2016-11-22 06:03:33', 1),
(123, 123, 123, '2016-11-22 06:04:31', 1),
(124, 124, 124, '2016-11-22 06:04:56', 1),
(125, 125, 125, '2016-11-22 06:05:25', 1),
(126, 126, 126, '2016-11-22 06:05:40', 1),
(127, 127, 127, '2016-11-22 06:06:00', 1),
(128, 128, 128, '2016-11-22 06:07:05', 1),
(129, 129, 129, '2016-11-22 06:07:25', 1),
(130, 130, 130, '2016-11-22 06:07:59', 1),
(131, 131, 131, '2016-11-22 06:08:36', 1),
(132, 132, 132, '2016-11-22 06:09:29', 1),
(133, 133, 133, '2016-11-22 06:10:00', 1),
(134, 134, 134, '2016-11-22 06:10:16', 1),
(135, 135, 135, '2016-11-22 06:10:46', 1),
(136, 136, 136, '2016-11-22 06:11:09', 1),
(137, 137, 137, '2016-11-22 06:11:29', 1),
(138, 138, 138, '2016-11-22 06:12:43', 1),
(139, 139, 139, '2016-11-22 06:13:43', 1),
(140, 140, 140, '2016-11-22 06:14:04', 1),
(141, 141, 141, '2016-11-24 06:23:52', 1),
(142, 142, 142, '2016-11-24 06:24:18', 1),
(143, 143, 143, '2016-11-24 06:28:09', 1),
(144, 144, 144, '2016-11-24 06:28:53', 1),
(145, 145, 145, '2016-11-24 06:32:04', 1),
(146, 146, 146, '2016-11-24 06:32:30', 1),
(147, 147, 147, '2016-11-24 06:35:03', 1),
(148, 148, 148, '2016-11-24 06:47:30', 1),
(149, 149, 149, '2016-11-24 06:47:46', 1),
(150, 150, 150, '2016-11-24 06:51:04', 1),
(151, 151, 151, '2016-11-24 06:51:21', 1),
(152, 152, 152, '2016-11-24 06:52:25', 1),
(153, 153, 153, '2016-11-24 06:52:39', 1),
(154, 154, 154, '2016-11-24 06:52:57', 1),
(155, 155, 155, '2016-11-24 06:53:16', 1),
(156, 156, 156, '2016-11-24 06:53:33', 1),
(157, 157, 157, '2016-11-24 06:53:49', 1),
(158, 158, 158, '2016-11-24 07:07:48', 1),
(159, 159, 159, '2016-11-24 07:08:26', 1),
(160, 160, 160, '2016-11-24 07:09:03', 1),
(161, 161, 161, '2016-11-24 07:10:17', 1),
(162, 162, 162, '2016-11-24 07:12:17', 1),
(163, 163, 163, '2016-11-24 07:12:54', 1),
(164, 164, 164, '2016-11-24 08:06:56', 1),
(165, 165, 165, '2016-11-24 08:07:17', 1),
(166, 166, 166, '2016-11-24 08:07:37', 1),
(167, 167, 167, '2016-11-24 08:08:02', 1),
(168, 168, 168, '2016-11-24 08:12:05', 1),
(169, 169, 169, '2016-11-24 08:12:28', 1),
(170, 170, 170, '2016-11-24 08:15:46', 1),
(171, 171, 171, '2016-11-24 08:15:58', 1),
(172, 172, 172, '2016-11-24 08:16:10', 1),
(173, 173, 173, '2016-11-24 08:16:22', 1),
(174, 174, 174, '2016-11-24 08:16:53', 1),
(175, 175, 175, '2016-11-24 08:17:21', 1),
(176, 176, 176, '2016-11-24 08:17:33', 1),
(177, 177, 177, '2016-11-24 08:20:00', 1),
(178, 178, 178, '2016-11-24 08:20:21', 1),
(179, 179, 179, '2016-11-24 08:20:46', 1),
(180, 180, 180, '2016-11-24 08:21:24', 1),
(181, 181, 181, '2016-11-24 08:21:55', 1),
(182, 182, 182, '2016-11-24 08:23:37', 1),
(183, 183, 183, '2016-11-24 08:23:51', 1),
(184, 184, 184, '2016-11-24 08:24:18', 1),
(185, 185, 185, '2016-11-24 08:25:01', 1),
(186, 186, 186, '2016-11-24 08:25:48', 1),
(187, 187, 187, '2016-11-24 08:26:08', 1),
(188, 188, 188, '2016-11-24 08:28:36', 1),
(189, 189, 189, '2016-11-24 08:28:48', 1),
(190, 190, 190, '2016-11-24 08:29:06', 1),
(191, 191, 191, '2016-11-24 08:29:35', 1),
(192, 192, 192, '2016-11-24 08:29:51', 1),
(193, 193, 193, '2016-11-24 08:31:01', 1),
(194, 194, 194, '2016-11-24 08:31:25', 1),
(195, 195, 195, '2016-11-24 08:31:44', 1),
(196, 196, 196, '2016-11-24 08:31:57', 1),
(197, 197, 197, '2016-11-24 08:37:16', 1),
(198, 198, 198, '2016-11-24 08:38:30', 1),
(199, 199, 199, '2016-11-24 08:39:04', 1),
(200, 200, 200, '2016-11-24 08:39:20', 1),
(201, 201, 201, '2016-11-24 08:39:35', 1),
(202, 202, 202, '2016-11-24 08:39:49', 1),
(203, 203, 203, '2016-11-24 08:40:08', 1),
(204, 204, 204, '2016-11-24 08:40:24', 1),
(205, 205, 205, '2016-11-24 08:40:51', 1),
(206, 206, 206, '2016-11-24 08:41:17', 1),
(207, 207, 207, '2016-11-24 08:41:37', 1),
(208, 208, 208, '2016-11-24 08:41:52', 1),
(209, 209, 209, '2016-11-24 08:42:13', 1),
(210, 210, 210, '2016-11-24 08:45:48', 1),
(211, 211, 211, '2016-11-24 08:46:26', 1),
(212, 212, 212, '2016-11-24 08:46:51', 1),
(213, 213, 213, '2016-11-24 08:47:19', 1),
(214, 214, 214, '2016-11-24 08:47:55', 1),
(215, 215, 215, '2016-11-24 08:50:58', 1),
(216, 216, 216, '2016-11-24 08:51:20', 1),
(217, 217, 217, '2016-11-24 08:51:55', 1),
(218, 218, 218, '2016-11-24 08:52:13', 1),
(219, 219, 219, '2016-11-24 08:53:00', 1),
(220, 220, 220, '2016-11-24 08:53:27', 1),
(221, 221, 221, '2016-11-24 08:53:46', 1),
(222, 222, 222, '2016-11-24 08:54:50', 1),
(223, 223, 223, '2016-11-24 08:55:12', 1),
(224, 224, 224, '2016-11-24 08:55:48', 1),
(225, 225, 225, '2016-11-24 08:56:59', 1),
(226, 226, 226, '2016-11-24 08:57:32', 1),
(227, 227, 227, '2016-11-24 08:58:16', 1),
(228, 228, 228, '2016-11-24 08:58:57', 1),
(229, 229, 229, '2016-11-24 08:59:43', 1),
(230, 230, 230, '2016-11-24 08:59:57', 1),
(231, 231, 231, '2016-11-24 09:00:47', 1),
(232, 232, 232, '2016-11-24 09:01:09', 1),
(233, 233, 233, '2016-11-24 09:02:05', 1),
(234, 234, 234, '2016-11-24 09:03:12', 1),
(235, 235, 235, '2016-11-24 09:03:53', 1),
(236, 236, 236, '2016-11-24 09:05:06', 1),
(237, 237, 237, '2016-11-24 09:05:22', 1),
(238, 238, 238, '2016-11-24 09:05:50', 1),
(239, 239, 239, '2016-11-24 09:06:07', 1),
(240, 240, 240, '2016-11-24 09:06:35', 1),
(241, 241, 241, '2016-11-24 09:07:12', 1),
(242, 242, 242, '2016-11-24 09:07:52', 1),
(243, 243, 243, '2016-11-24 09:08:12', 1),
(244, 244, 244, '2016-11-24 09:08:53', 1),
(245, 245, 245, '2016-11-24 09:09:20', 1),
(246, 246, 246, '2016-11-24 09:10:18', 1),
(247, 247, 247, '2016-11-24 09:14:27', 1),
(248, 248, 248, '2016-11-24 09:15:01', 1),
(249, 249, 249, '2016-11-24 09:15:43', 1),
(250, 250, 250, '2016-11-24 09:15:59', 1),
(251, 251, 251, '2016-11-24 09:16:19', 1),
(252, 252, 252, '2016-11-24 09:16:49', 1),
(253, 253, 253, '2016-11-24 09:17:33', 1),
(254, 254, 254, '2016-11-24 09:18:02', 1),
(255, 255, 255, '2016-11-24 09:18:22', 1),
(256, 256, 256, '2016-11-24 09:18:44', 1),
(257, 257, 257, '2016-11-24 09:19:07', 1),
(258, 258, 258, '2016-11-24 09:19:32', 1),
(259, 259, 259, '2016-11-24 09:19:57', 1),
(260, 260, 260, '2016-11-24 09:20:13', 1),
(261, 261, 261, '2016-11-24 09:20:31', 1),
(262, 262, 262, '2016-11-24 09:20:55', 1),
(263, 263, 263, '2016-11-24 09:21:11', 1),
(264, 264, 264, '2016-11-24 09:21:24', 1),
(265, 265, 265, '2016-11-24 09:21:36', 1),
(266, 266, 266, '2016-11-24 09:21:53', 1),
(267, 267, 267, '2016-11-24 09:22:22', 1),
(268, 268, 268, '2016-11-24 09:23:18', 1),
(269, 269, 269, '2016-11-24 09:23:43', 1),
(270, 270, 270, '2016-11-24 09:23:56', 1),
(271, 271, 271, '2016-11-24 09:24:09', 1),
(272, 272, 272, '2016-11-24 09:24:21', 1),
(273, 273, 273, '2016-11-24 09:24:47', 1),
(274, 274, 274, '2016-11-24 09:26:13', 1),
(275, 275, 275, '2016-11-24 09:26:41', 1),
(276, 276, 276, '2016-11-24 09:27:15', 1),
(277, 277, 277, '2016-11-24 09:27:53', 1),
(278, 278, 278, '2016-11-24 09:28:47', 1),
(279, 279, 279, '2016-11-24 09:29:24', 1),
(280, 280, 280, '2016-11-24 09:29:50', 1),
(281, 281, 281, '2016-11-24 09:30:09', 1),
(282, 282, 282, '2016-11-24 09:30:51', 1),
(283, 283, 283, '2016-11-24 09:31:19', 1),
(284, 284, 284, '2016-11-24 09:31:40', 1),
(285, 285, 285, '2016-11-24 09:34:41', 1),
(286, 286, 286, '2016-11-24 09:35:07', 1),
(287, 287, 287, '2016-11-24 09:49:58', 1),
(288, 288, 288, '2016-11-24 09:50:01', 1),
(289, 289, 289, '2016-11-24 09:51:44', 1),
(290, 290, 290, '2016-11-24 09:52:51', 1),
(291, 291, 291, '2016-11-25 01:23:18', 1),
(292, 292, 292, '2016-11-25 01:28:19', 1),
(293, 293, 293, '2016-11-25 01:28:40', 1),
(294, 294, 294, '2016-11-25 01:30:28', 1),
(295, 22, 295, '2016-11-25 02:23:33', 1);

-- --------------------------------------------------------

--
-- Table structure for table `coalvl_5_6`
--

CREATE TABLE IF NOT EXISTS `coalvl_5_6` (
  `coalvl56_id` int(11) NOT NULL,
  `lvl_5_id` int(11) NOT NULL,
  `lvl_6_id` int(11) NOT NULL,
  `validity_date` timestamp NOT NULL DEFAULT CURRENT_TIMESTAMP,
  `flag` int(11) NOT NULL DEFAULT '1'
) ENGINE=InnoDB AUTO_INCREMENT=295 DEFAULT CHARSET=latin1;

--
-- Dumping data for table `coalvl_5_6`
--

INSERT INTO `coalvl_5_6` (`coalvl56_id`, `lvl_5_id`, `lvl_6_id`, `validity_date`, `flag`) VALUES
(1, 1, 1, '2016-11-11 03:20:37', 1),
(2, 2, 2, '2016-11-11 03:21:26', 1),
(3, 3, 3, '2016-11-11 03:24:56', 1),
(4, 4, 4, '2016-11-11 03:25:26', 1),
(5, 5, 5, '2016-11-11 03:51:16', 1),
(6, 6, 6, '2016-11-11 03:51:16', 1),
(7, 7, 7, '2016-11-11 03:51:16', 1),
(8, 8, 8, '2016-11-11 04:14:29', 1),
(9, 9, 9, '2016-11-11 04:14:29', 1),
(10, 10, 10, '2016-11-11 04:14:29', 1),
(11, 11, 11, '2016-11-17 04:26:00', 1),
(12, 12, 12, '2016-11-21 05:43:48', 1),
(13, 13, 13, '2016-11-21 05:43:48', 1),
(14, 14, 14, '2016-11-21 05:43:48', 1),
(15, 15, 15, '2016-11-21 05:44:59', 1),
(16, 16, 16, '2016-11-21 05:44:59', 1),
(17, 17, 17, '2016-11-21 05:44:59', 1),
(18, 18, 18, '2016-11-21 05:45:19', 1),
(19, 19, 19, '2016-11-21 05:45:19', 1),
(20, 20, 20, '2016-11-21 05:45:19', 1),
(21, 21, 21, '2016-11-21 06:11:27', 1),
(22, 22, 22, '2016-11-22 01:30:58', 1),
(23, 23, 23, '2016-11-22 01:32:00', 1),
(24, 24, 24, '2016-11-22 01:32:59', 1),
(25, 25, 25, '2016-11-22 01:33:44', 1),
(26, 26, 26, '2016-11-22 01:34:20', 1),
(27, 27, 27, '2016-11-22 01:40:54', 1),
(28, 28, 28, '2016-11-22 02:16:32', 1),
(29, 29, 29, '2016-11-22 02:17:29', 1),
(30, 30, 30, '2016-11-22 02:21:12', 1),
(31, 31, 31, '2016-11-22 02:21:55', 1),
(32, 32, 32, '2016-11-22 02:22:38', 1),
(33, 33, 33, '2016-11-22 02:23:27', 1),
(34, 34, 34, '2016-11-22 02:25:18', 1),
(35, 35, 35, '2016-11-22 02:25:53', 1),
(36, 36, 36, '2016-11-22 02:26:32', 1),
(37, 37, 37, '2016-11-22 02:27:01', 1),
(38, 38, 38, '2016-11-22 02:27:53', 1),
(39, 39, 39, '2016-11-22 02:28:30', 1),
(40, 40, 40, '2016-11-22 02:30:31', 1),
(41, 41, 41, '2016-11-22 02:31:07', 1),
(42, 42, 42, '2016-11-22 02:33:45', 1),
(43, 43, 43, '2016-11-22 02:36:52', 1),
(44, 44, 44, '2016-11-22 02:37:33', 1),
(45, 45, 45, '2016-11-22 02:38:35', 1),
(46, 46, 46, '2016-11-22 02:39:50', 1),
(47, 47, 47, '2016-11-22 02:41:23', 1),
(48, 48, 48, '2016-11-22 02:42:11', 1),
(49, 49, 49, '2016-11-22 02:42:24', 1),
(50, 50, 50, '2016-11-22 02:42:46', 1),
(51, 51, 51, '2016-11-22 02:50:14', 1),
(52, 52, 52, '2016-11-22 02:50:41', 1),
(53, 53, 53, '2016-11-22 02:51:09', 1),
(54, 54, 54, '2016-11-22 02:52:38', 1),
(55, 55, 55, '2016-11-22 02:53:01', 1),
(56, 56, 56, '2016-11-22 02:53:31', 1),
(57, 57, 57, '2016-11-22 02:53:51', 1),
(58, 58, 58, '2016-11-22 02:54:07', 1),
(59, 59, 59, '2016-11-22 02:54:23', 1),
(60, 60, 60, '2016-11-22 02:54:44', 1),
(61, 61, 61, '2016-11-22 02:55:08', 1),
(62, 62, 62, '2016-11-22 02:56:01', 1),
(63, 63, 63, '2016-11-22 02:59:57', 1),
(64, 64, 64, '2016-11-22 03:00:21', 1),
(65, 65, 65, '2016-11-22 03:28:14', 1),
(66, 66, 66, '2016-11-22 03:50:44', 1),
(67, 67, 67, '2016-11-22 03:51:31', 1),
(68, 68, 68, '2016-11-22 03:57:46', 1),
(69, 69, 69, '2016-11-22 03:58:40', 1),
(70, 70, 70, '2016-11-22 03:59:41', 1),
(71, 71, 71, '2016-11-22 04:00:26', 1),
(72, 72, 72, '2016-11-22 04:01:31', 1),
(73, 73, 73, '2016-11-22 04:02:36', 1),
(74, 74, 74, '2016-11-22 04:03:28', 1),
(75, 75, 75, '2016-11-22 04:06:35', 1),
(76, 76, 76, '2016-11-22 04:07:01', 1),
(77, 77, 77, '2016-11-22 04:09:15', 1),
(78, 78, 78, '2016-11-22 04:09:44', 1),
(79, 79, 79, '2016-11-22 04:10:13', 1),
(80, 80, 80, '2016-11-22 04:11:23', 1),
(81, 81, 81, '2016-11-22 04:12:28', 1),
(82, 82, 82, '2016-11-22 04:13:09', 1),
(83, 83, 83, '2016-11-22 04:14:37', 1),
(84, 84, 84, '2016-11-22 04:15:29', 1),
(85, 85, 85, '2016-11-22 04:16:30', 1),
(86, 86, 86, '2016-11-22 04:56:45', 1),
(87, 87, 87, '2016-11-22 05:18:53', 1),
(88, 88, 88, '2016-11-22 05:19:34', 1),
(89, 89, 89, '2016-11-22 05:21:06', 1),
(90, 90, 90, '2016-11-22 05:25:40', 1),
(91, 91, 91, '2016-11-22 05:28:12', 1),
(92, 92, 92, '2016-11-22 05:30:08', 1),
(93, 93, 93, '2016-11-22 05:32:40', 1),
(94, 94, 94, '2016-11-22 05:33:18', 1),
(95, 95, 95, '2016-11-22 05:34:07', 1),
(96, 96, 96, '2016-11-22 05:35:14', 1),
(97, 97, 97, '2016-11-22 05:35:48', 1),
(98, 98, 98, '2016-11-22 05:36:09', 1),
(99, 99, 99, '2016-11-22 05:36:31', 1),
(100, 100, 100, '2016-11-22 05:36:52', 1),
(101, 101, 101, '2016-11-22 05:48:58', 1),
(102, 102, 102, '2016-11-22 05:49:22', 1),
(103, 103, 103, '2016-11-22 05:49:58', 1),
(104, 104, 104, '2016-11-22 05:50:49', 1),
(105, 105, 105, '2016-11-22 05:52:02', 1),
(106, 106, 106, '2016-11-22 05:52:51', 1),
(107, 107, 107, '2016-11-22 05:53:30', 1),
(108, 108, 108, '2016-11-22 05:54:11', 1),
(109, 109, 109, '2016-11-22 05:55:30', 1),
(110, 110, 110, '2016-11-22 05:56:04', 1),
(111, 111, 111, '2016-11-22 05:56:23', 1),
(112, 112, 112, '2016-11-22 05:56:43', 1),
(113, 113, 113, '2016-11-22 05:59:04', 1),
(114, 114, 114, '2016-11-22 05:59:26', 1),
(115, 115, 115, '2016-11-22 05:59:45', 1),
(116, 116, 116, '2016-11-22 06:00:26', 1),
(117, 117, 117, '2016-11-22 06:00:46', 1),
(118, 118, 118, '2016-11-22 06:01:46', 1),
(119, 119, 119, '2016-11-22 06:02:04', 1),
(120, 120, 120, '2016-11-22 06:02:28', 1),
(121, 121, 121, '2016-11-22 06:02:56', 1),
(122, 122, 122, '2016-11-22 06:03:33', 1),
(123, 123, 123, '2016-11-22 06:04:31', 1),
(124, 124, 124, '2016-11-22 06:04:56', 1),
(125, 125, 125, '2016-11-22 06:05:25', 1),
(126, 126, 126, '2016-11-22 06:05:40', 1),
(127, 127, 127, '2016-11-22 06:06:00', 1),
(128, 128, 128, '2016-11-22 06:07:05', 1),
(129, 129, 129, '2016-11-22 06:07:25', 1),
(130, 130, 130, '2016-11-22 06:07:59', 1),
(131, 131, 131, '2016-11-22 06:08:36', 1),
(132, 132, 132, '2016-11-22 06:09:29', 1),
(133, 133, 133, '2016-11-22 06:10:00', 1),
(134, 134, 134, '2016-11-22 06:10:16', 1),
(135, 135, 135, '2016-11-22 06:10:46', 1),
(136, 136, 136, '2016-11-22 06:11:09', 1),
(137, 137, 137, '2016-11-22 06:11:29', 1),
(138, 138, 138, '2016-11-22 06:12:43', 1),
(139, 139, 139, '2016-11-22 06:13:43', 1),
(140, 140, 140, '2016-11-22 06:14:04', 1),
(141, 141, 141, '2016-11-24 06:23:52', 1),
(142, 142, 142, '2016-11-24 06:24:18', 1),
(143, 143, 143, '2016-11-24 06:28:09', 1),
(144, 144, 144, '2016-11-24 06:28:53', 1),
(145, 145, 145, '2016-11-24 06:32:04', 1),
(146, 146, 146, '2016-11-24 06:32:30', 1),
(147, 147, 147, '2016-11-24 06:35:03', 1),
(148, 148, 148, '2016-11-24 06:47:30', 1),
(149, 149, 149, '2016-11-24 06:47:46', 1),
(150, 150, 150, '2016-11-24 06:51:04', 1),
(151, 151, 151, '2016-11-24 06:51:21', 1),
(152, 152, 152, '2016-11-24 06:52:25', 1),
(153, 153, 153, '2016-11-24 06:52:39', 1),
(154, 154, 154, '2016-11-24 06:52:57', 1),
(155, 155, 155, '2016-11-24 06:53:16', 1),
(156, 156, 156, '2016-11-24 06:53:33', 1),
(157, 157, 157, '2016-11-24 06:53:49', 1),
(158, 158, 158, '2016-11-24 07:07:48', 1),
(159, 159, 159, '2016-11-24 07:08:26', 1),
(160, 160, 160, '2016-11-24 07:09:03', 1),
(161, 161, 161, '2016-11-24 07:10:17', 1),
(162, 162, 162, '2016-11-24 07:12:17', 1),
(163, 163, 163, '2016-11-24 07:12:54', 1),
(164, 164, 164, '2016-11-24 08:06:56', 1),
(165, 165, 165, '2016-11-24 08:07:17', 1),
(166, 166, 166, '2016-11-24 08:07:37', 1),
(167, 167, 167, '2016-11-24 08:08:02', 1),
(168, 168, 168, '2016-11-24 08:12:05', 1),
(169, 169, 169, '2016-11-24 08:12:28', 1),
(170, 170, 170, '2016-11-24 08:15:46', 1),
(171, 171, 171, '2016-11-24 08:15:58', 1),
(172, 172, 172, '2016-11-24 08:16:10', 1),
(173, 173, 173, '2016-11-24 08:16:22', 1),
(174, 174, 174, '2016-11-24 08:16:53', 1),
(175, 175, 175, '2016-11-24 08:17:21', 1),
(176, 176, 176, '2016-11-24 08:17:33', 1),
(177, 177, 177, '2016-11-24 08:20:00', 1),
(178, 178, 178, '2016-11-24 08:20:21', 1),
(179, 179, 179, '2016-11-24 08:20:46', 1),
(180, 180, 180, '2016-11-24 08:21:24', 1),
(181, 181, 181, '2016-11-24 08:21:55', 1),
(182, 182, 182, '2016-11-24 08:23:37', 1),
(183, 183, 183, '2016-11-24 08:23:51', 1),
(184, 184, 184, '2016-11-24 08:24:18', 1),
(185, 185, 185, '2016-11-24 08:25:01', 1),
(186, 186, 186, '2016-11-24 08:25:48', 1),
(187, 187, 187, '2016-11-24 08:26:08', 1),
(188, 188, 188, '2016-11-24 08:28:36', 1),
(189, 189, 189, '2016-11-24 08:28:48', 1),
(190, 190, 190, '2016-11-24 08:29:06', 1),
(191, 191, 191, '2016-11-24 08:29:35', 1),
(192, 192, 192, '2016-11-24 08:29:51', 1),
(193, 193, 193, '2016-11-24 08:31:01', 1),
(194, 194, 194, '2016-11-24 08:31:25', 1),
(195, 195, 195, '2016-11-24 08:31:44', 1),
(196, 196, 196, '2016-11-24 08:31:57', 1),
(197, 197, 197, '2016-11-24 08:37:16', 1),
(198, 198, 198, '2016-11-24 08:38:30', 1),
(199, 199, 199, '2016-11-24 08:39:04', 1),
(200, 200, 200, '2016-11-24 08:39:20', 1),
(201, 201, 201, '2016-11-24 08:39:35', 1),
(202, 202, 202, '2016-11-24 08:39:49', 1),
(203, 203, 203, '2016-11-24 08:40:08', 1),
(204, 204, 204, '2016-11-24 08:40:24', 1),
(205, 205, 205, '2016-11-24 08:40:51', 1),
(206, 206, 206, '2016-11-24 08:41:17', 1),
(207, 207, 207, '2016-11-24 08:41:37', 1),
(208, 208, 208, '2016-11-24 08:41:52', 1),
(209, 209, 209, '2016-11-24 08:42:13', 1),
(210, 210, 210, '2016-11-24 08:45:48', 1),
(211, 211, 211, '2016-11-24 08:46:26', 1),
(212, 212, 212, '2016-11-24 08:46:51', 1),
(213, 213, 213, '2016-11-24 08:47:19', 1),
(214, 214, 214, '2016-11-24 08:47:55', 1),
(215, 215, 215, '2016-11-24 08:50:58', 1),
(216, 216, 216, '2016-11-24 08:51:20', 1),
(217, 217, 217, '2016-11-24 08:51:55', 1),
(218, 218, 218, '2016-11-24 08:52:13', 1),
(219, 219, 219, '2016-11-24 08:53:00', 1),
(220, 220, 220, '2016-11-24 08:53:27', 1),
(221, 221, 221, '2016-11-24 08:53:46', 1),
(222, 222, 222, '2016-11-24 08:54:50', 1),
(223, 223, 223, '2016-11-24 08:55:12', 1),
(224, 224, 224, '2016-11-24 08:55:48', 1),
(225, 225, 225, '2016-11-24 08:56:59', 1),
(226, 226, 226, '2016-11-24 08:57:32', 1),
(227, 227, 227, '2016-11-24 08:58:16', 1),
(228, 228, 228, '2016-11-24 08:58:57', 1),
(229, 229, 229, '2016-11-24 08:59:43', 1),
(230, 230, 230, '2016-11-24 08:59:57', 1),
(231, 231, 231, '2016-11-24 09:00:47', 1),
(232, 232, 232, '2016-11-24 09:01:09', 1),
(233, 233, 233, '2016-11-24 09:02:05', 1),
(234, 234, 234, '2016-11-24 09:03:12', 1),
(235, 235, 235, '2016-11-24 09:03:53', 1),
(236, 236, 236, '2016-11-24 09:05:06', 1),
(237, 237, 237, '2016-11-24 09:05:22', 1),
(238, 238, 238, '2016-11-24 09:05:50', 1),
(239, 239, 239, '2016-11-24 09:06:07', 1),
(240, 240, 240, '2016-11-24 09:06:35', 1),
(241, 241, 241, '2016-11-24 09:07:12', 1),
(242, 242, 242, '2016-11-24 09:07:52', 1),
(243, 243, 243, '2016-11-24 09:08:12', 1),
(244, 244, 244, '2016-11-24 09:08:53', 1),
(245, 245, 245, '2016-11-24 09:09:20', 1),
(246, 246, 246, '2016-11-24 09:10:18', 1),
(247, 247, 247, '2016-11-24 09:14:27', 1),
(248, 248, 248, '2016-11-24 09:15:01', 1),
(249, 249, 249, '2016-11-24 09:15:43', 1),
(250, 250, 250, '2016-11-24 09:15:59', 1),
(251, 251, 251, '2016-11-24 09:16:19', 1),
(252, 252, 252, '2016-11-24 09:16:49', 1),
(253, 253, 253, '2016-11-24 09:17:33', 1),
(254, 254, 254, '2016-11-24 09:18:02', 1),
(255, 255, 255, '2016-11-24 09:18:22', 1),
(256, 256, 256, '2016-11-24 09:18:44', 1),
(257, 257, 257, '2016-11-24 09:19:07', 1),
(258, 258, 258, '2016-11-24 09:19:32', 1),
(259, 259, 259, '2016-11-24 09:19:57', 1),
(260, 260, 260, '2016-11-24 09:20:13', 1),
(261, 261, 261, '2016-11-24 09:20:31', 1),
(262, 262, 262, '2016-11-24 09:20:55', 1),
(263, 263, 263, '2016-11-24 09:21:11', 1),
(264, 264, 264, '2016-11-24 09:21:24', 1),
(265, 265, 265, '2016-11-24 09:21:36', 1),
(266, 266, 266, '2016-11-24 09:21:53', 1),
(267, 267, 267, '2016-11-24 09:22:22', 1),
(268, 268, 268, '2016-11-24 09:23:18', 1),
(269, 269, 269, '2016-11-24 09:23:43', 1),
(270, 270, 270, '2016-11-24 09:23:56', 1),
(271, 271, 271, '2016-11-24 09:24:09', 1),
(272, 272, 272, '2016-11-24 09:24:21', 1),
(273, 273, 273, '2016-11-24 09:24:47', 1),
(274, 274, 274, '2016-11-24 09:26:13', 1),
(275, 275, 275, '2016-11-24 09:26:41', 1),
(276, 276, 276, '2016-11-24 09:27:15', 1),
(277, 277, 277, '2016-11-24 09:27:53', 1),
(278, 278, 278, '2016-11-24 09:28:47', 1),
(279, 279, 279, '2016-11-24 09:29:24', 1),
(280, 280, 280, '2016-11-24 09:29:50', 1),
(281, 281, 281, '2016-11-24 09:30:09', 1),
(282, 282, 282, '2016-11-24 09:30:51', 1),
(283, 283, 283, '2016-11-24 09:31:19', 1),
(284, 284, 284, '2016-11-24 09:31:40', 1),
(285, 285, 285, '2016-11-24 09:34:41', 1),
(286, 286, 286, '2016-11-24 09:35:07', 1),
(287, 287, 287, '2016-11-24 09:49:58', 1),
(288, 288, 288, '2016-11-24 09:50:01', 1),
(289, 289, 289, '2016-11-24 09:51:44', 1),
(290, 290, 290, '2016-11-24 09:52:51', 1),
(291, 291, 291, '2016-11-25 01:23:18', 1),
(292, 292, 292, '2016-11-25 01:28:19', 1),
(293, 293, 293, '2016-11-25 01:28:40', 1),
(294, 294, 294, '2016-11-25 01:30:28', 1);

-- --------------------------------------------------------

--
-- Table structure for table `coa_lvl_1`
--

CREATE TABLE IF NOT EXISTS `coa_lvl_1` (
  `lvl_1_id` int(11) NOT NULL,
  `lvl_1_seq` varchar(255) NOT NULL,
  `lvl_1_code` varchar(255) NOT NULL,
  `lvl_1_name` varchar(255) NOT NULL,
  `lvl_1_company` varchar(255) NOT NULL,
  `lvl_1_setup_company` varchar(255) NOT NULL,
  `lvl_1_validity_date` timestamp NOT NULL DEFAULT CURRENT_TIMESTAMP,
  `flag` int(11) NOT NULL DEFAULT '1'
) ENGINE=InnoDB AUTO_INCREMENT=15 DEFAULT CHARSET=latin1;

--
-- Dumping data for table `coa_lvl_1`
--

INSERT INTO `coa_lvl_1` (`lvl_1_id`, `lvl_1_seq`, `lvl_1_code`, `lvl_1_name`, `lvl_1_company`, `lvl_1_setup_company`, `lvl_1_validity_date`, `flag`) VALUES
(1, '1', '1', 'Assets', 'docpro', 'docpro', '2016-11-11 03:20:37', 1),
(2, '2', '2', 'Asset', 'docpro', 'docpro', '2016-11-11 03:21:26', 0),
(3, '1', '1', 'Asset', 'company', 'docpro', '2016-11-11 03:51:16', 1),
(4, '1', '1', 'Asset', 'company', 'docpro', '2016-11-11 04:14:29', 1),
(5, '3', '2', 'Liabilities', 'docpro', 'docpro', '2016-11-17 04:26:00', 0),
(6, '1', '1', 'Asset', 'company', 'docpro', '2016-11-21 05:43:47', 1),
(7, '1', '1', 'Asset', 'company', 'docpro', '2016-11-21 05:44:59', 1),
(8, '1', '1', 'Asset', 'company', 'docpro', '2016-11-21 05:45:19', 1),
(9, '2', '2', '1', 'company', 'company', '2016-11-21 06:11:27', 1),
(10, '4', '2', 'Liabilities', 'docpro', 'docpro', '2016-11-22 05:25:40', 1),
(11, '5', '3', 'Equity', 'docpro', 'docpro', '2016-11-22 05:54:11', 1),
(12, '6', '4', 'Revenue', 'docpro', 'docpro', '2016-11-22 06:12:43', 1),
(13, '7', '5', 'Cost', 'docpro', 'docpro', '2016-11-22 06:13:43', 1),
(14, '8', '6', 'Expenses', 'docpro', 'docpro', '2016-11-22 06:14:04', 1);

-- --------------------------------------------------------

--
-- Table structure for table `coa_lvl_2`
--

CREATE TABLE IF NOT EXISTS `coa_lvl_2` (
  `lvl_2_id` int(11) NOT NULL,
  `lvl_2_seq` varchar(255) NOT NULL,
  `lvl_2_code` varchar(255) NOT NULL,
  `lvl_2_name` varchar(255) NOT NULL,
  `lvl_2_company` varchar(255) NOT NULL,
  `lvl_2_setup_company` varchar(255) NOT NULL,
  `lvl_2_validity_date` timestamp NOT NULL DEFAULT CURRENT_TIMESTAMP,
  `flag` int(11) NOT NULL DEFAULT '1'
) ENGINE=InnoDB AUTO_INCREMENT=35 DEFAULT CHARSET=latin1;

--
-- Dumping data for table `coa_lvl_2`
--

INSERT INTO `coa_lvl_2` (`lvl_2_id`, `lvl_2_seq`, `lvl_2_code`, `lvl_2_name`, `lvl_2_company`, `lvl_2_setup_company`, `lvl_2_validity_date`, `flag`) VALUES
(1, '1', '0', 'Assets', 'docpro', 'docpro', '2016-11-11 03:20:37', 1),
(2, '1', '0', 'Asset', 'docpro', 'docpro', '2016-11-11 03:21:26', 1),
(3, '2', '1', 'Current Asset', 'docpro', 'docpro', '2016-11-11 03:23:04', 1),
(4, '1', '0', 'Asset', 'company', 'docpro', '2016-11-11 03:51:16', 1),
(5, '2', '1', 'Current Asset', 'company', 'docpro', '2016-11-11 03:51:16', 1),
(6, '1', '0', 'Asset', 'company', 'docpro', '2016-11-11 04:14:29', 1),
(7, '2', '1', 'Current Asset', 'company', 'docpro', '2016-11-11 04:14:29', 1),
(8, '1', '0', 'Liabilities', 'docpro', 'docpro', '2016-11-17 04:26:00', 1),
(9, '1', '0', 'Asset', 'company', 'docpro', '2016-11-21 05:43:47', 1),
(10, '2', '1', 'Current Asset', 'company', 'docpro', '2016-11-21 05:43:48', 1),
(11, '1', '0', 'Asset', 'company', 'docpro', '2016-11-21 05:44:59', 1),
(12, '2', '1', 'Current Asset', 'company', 'docpro', '2016-11-21 05:44:59', 1),
(13, '1', '0', 'Asset', 'company', 'docpro', '2016-11-21 05:45:19', 1),
(14, '2', '1', 'Current Asset', 'company', 'docpro', '2016-11-21 05:45:19', 1),
(15, '1', '0', '1', 'company', 'company', '2016-11-21 06:11:27', 1),
(16, '3', '2', 'Non-current Assets', 'docpro', 'docpro', '2016-11-22 02:51:56', 1),
(17, '1', '0', 'Liabilities', 'docpro', 'docpro', '2016-11-22 05:25:40', 1),
(18, '2', '1', 'Current Liabilities', 'docpro', 'docpro', '2016-11-22 05:27:01', 1),
(19, '3', '2', 'Non-current Liabilities', 'docpro', 'docpro', '2016-11-22 05:51:11', 1),
(20, '1', '0', 'Equity', 'docpro', 'docpro', '2016-11-22 05:54:11', 1),
(21, '2', '1', 'Owner''s Equity', 'docpro', 'docpro', '2016-11-22 05:54:47', 1),
(22, '3', '2', 'Shareholder''s Equity', 'docpro', 'docpro', '2016-11-22 05:57:34', 1),
(23, '4', '3', 'Member''s Equity', 'docpro', 'docpro', '2016-11-22 06:06:40', 1),
(24, '1', '0', 'Revenue', 'docpro', 'docpro', '2016-11-22 06:12:43', 1),
(25, '1', '0', 'Cost', 'docpro', 'docpro', '2016-11-22 06:13:43', 1),
(26, '1', '0', 'Expenses', 'docpro', 'docpro', '2016-11-22 06:14:04', 1),
(27, '2', '1', 'Sales', 'docpro', 'docpro', '2016-11-24 06:21:33', 1),
(28, '3', '2', 'Service Income', 'docpro', 'docpro', '2016-11-24 06:21:48', 1),
(29, '4', '3', 'Receipts', 'docpro', 'docpro', '2016-11-24 06:22:39', 1),
(30, '5', '4', 'Other Income', 'docpro', 'docpro', '2016-11-24 06:22:52', 1),
(31, '2', '1', 'Cost of Sales', 'docpro', 'docpro', '2016-11-24 07:03:54', 1),
(32, '3', '2', 'Cost of Service', 'docpro', 'docpro', '2016-11-24 07:05:01', 1),
(33, '4', '3', 'Cost of Goods Manufactured and Sold', 'docpro', 'docpro', '2016-11-24 07:05:38', 1),
(34, '2', '1', 'Operating Expenses', 'docpro', 'docpro', '2016-11-24 08:27:52', 1);

-- --------------------------------------------------------

--
-- Table structure for table `coa_lvl_3`
--

CREATE TABLE IF NOT EXISTS `coa_lvl_3` (
  `lvl_3_id` int(11) NOT NULL,
  `lvl_3_seq` varchar(255) NOT NULL,
  `lvl_3_code` varchar(255) NOT NULL,
  `lvl_3_code_int` varchar(255) NOT NULL,
  `lvl_3_name` varchar(255) NOT NULL,
  `lvl_3_company` varchar(255) NOT NULL,
  `lvl_3_setup_company` varchar(255) NOT NULL,
  `lvl_3_bir` varchar(255) NOT NULL,
  `lvl_3_validity_date` timestamp NOT NULL DEFAULT CURRENT_TIMESTAMP,
  `flag` int(11) NOT NULL DEFAULT '1'
) ENGINE=InnoDB AUTO_INCREMENT=123 DEFAULT CHARSET=latin1;

--
-- Dumping data for table `coa_lvl_3`
--

INSERT INTO `coa_lvl_3` (`lvl_3_id`, `lvl_3_seq`, `lvl_3_code`, `lvl_3_code_int`, `lvl_3_name`, `lvl_3_company`, `lvl_3_setup_company`, `lvl_3_bir`, `lvl_3_validity_date`, `flag`) VALUES
(1, '1', '00', '0', 'Assets', 'docpro', 'docpro', '', '2016-11-11 03:20:37', 1),
(2, '1', '00', '0', 'Asset', 'docpro', 'docpro', '', '2016-11-11 03:21:26', 1),
(3, '1', '01', '1', 'Cash and Cash Equivalents', 'docpro', 'docpro', 'Cash and Cash Equivalents', '2016-11-11 03:24:56', 1),
(4, '1', '00', '0', 'Asset', 'company', 'docpro', '', '2016-11-11 03:51:16', 1),
(5, '1', '01', '1', 'Cash and Cash Equivalents', 'company', 'docpro', 'Cash and Cash Equivalents', '2016-11-11 03:51:16', 1),
(6, '1', '00', '0', 'Asset', 'company', 'docpro', '', '2016-11-11 04:14:29', 1),
(7, '1', '01', '1', 'Cash and Cash Equivalents', 'company', 'docpro', 'Cash and Cash Equivalents', '2016-11-11 04:14:29', 1),
(8, '1', '00', '0', 'Liabilities', 'docpro', 'docpro', '', '2016-11-17 04:26:00', 1),
(9, '1', '00', '0', 'Asset', 'company', 'docpro', '', '2016-11-21 05:43:47', 1),
(10, '1', '01', '1', 'Cash and Cash Equivalents', 'company', 'docpro', 'Cash and Cash Equivalents', '2016-11-21 05:43:48', 1),
(11, '1', '00', '0', 'Asset', 'company', 'docpro', '', '2016-11-21 05:44:59', 1),
(12, '1', '01', '1', 'Cash and Cash Equivalents', 'company', 'docpro', 'Cash and Cash Equivalents', '2016-11-21 05:44:59', 1),
(13, '1', '00', '0', 'Asset', 'company', 'docpro', '', '2016-11-21 05:45:19', 1),
(14, '1', '01', '1', 'Cash and Cash Equivalents', 'company', 'docpro', 'Cash and Cash Equivalents', '2016-11-21 05:45:19', 1),
(15, '1', '00', '0', '1', 'company', 'company', '', '2016-11-21 06:11:27', 1),
(16, '2', '02', '2', 'Short-term Investments', 'docpro', 'docpro', 'Short-term Investments', '2016-11-22 01:40:54', 1),
(17, '3', '03', '3', 'Trade and Other Receivables', 'docpro', 'docpro', 'Trade and Other Receivables', '2016-11-22 02:25:18', 1),
(18, '4', '04', '4', 'Inventories', 'docpro', 'docpro', 'Inventories', '2016-11-22 02:30:31', 1),
(19, '5', '05', '5', 'Prepaid Expenses', 'docpro', 'docpro', 'Prepaid Expenses', '2016-11-22 02:41:23', 1),
(20, '6', '06', '6', 'Other Current Assets', 'docpro', 'docpro', 'Other Current Assets', '2016-11-22 02:50:14', 1),
(21, '1', '01', '1', 'Property, Plant and Equipment', 'docpro', 'docpro', 'Property, Plant and Equipment', '2016-11-22 02:52:38', 1),
(22, '2', '02', '2', 'Investment Property', 'docpro', 'docpro', 'Investment Property', '2016-11-22 02:59:57', 1),
(23, '3', '03', '3', 'Long-term Investments', 'docpro', 'docpro', 'Long-term Investments', '2016-11-22 03:57:46', 1),
(24, '4', '04', '4', 'Intangibles', 'docpro', 'docpro', 'Intangibles', '2016-11-22 04:06:35', 1),
(25, '5', '05', '5', 'Biological Assets', 'docpro', 'docpro', 'Biological Assets', '2016-11-22 04:14:37', 1),
(26, '6', '06', '6', 'Plan and Retirement Assets', 'docpro', 'docpro', 'Plan and Retirement Assets', '2016-11-22 04:15:29', 1),
(27, '7', '07', '7', 'Deferred Tax Asset', 'docpro', 'docpro', 'Deferred Tax Asset', '2016-11-22 04:16:30', 1),
(28, '8', '08', '8', 'Other Non-current Assets', 'docpro', 'docpro', 'Other Non-current Assets', '2016-11-22 05:21:06', 1),
(29, '1', '00', '0', 'Liabilities', 'docpro', 'docpro', '', '2016-11-22 05:25:40', 0),
(30, '2', '01', '1', 'Current Liabilities', 'docpro', 'docpro', 'Trade Payables', '2016-11-22 05:28:12', 0),
(31, '1', '01', '1', 'Trade Payables', 'docpro', 'docpro', 'Trade Payables', '2016-11-22 05:32:40', 1),
(32, '2', '02', '2', 'Other Current Payables', 'docpro', 'docpro', 'Other Current Payables', '2016-11-22 05:34:07', 1),
(33, '3', '03', '3', 'Related Party Payables', 'docpro', 'docpro', 'Related Party Payables', '2016-11-22 05:48:58', 1),
(34, '4', '04', '4', 'Provisions', 'docpro', 'docpro', 'Provisions', '2016-11-22 05:49:22', 1),
(35, '5', '05', '5', 'Loans Payable - Current Portion', 'docpro', 'docpro', 'Loans Payable - Current Portion', '2016-11-22 05:49:58', 1),
(36, '1', '01', '1', 'Loans Payable', 'docpro', 'docpro', 'Loans Payable', '2016-11-22 05:52:02', 1),
(37, '2', '02', '2', 'Pension Liabilities', 'docpro', 'docpro', 'Pension Liabilities', '2016-11-22 05:52:51', 1),
(38, '3', '03', '3', 'Other Non-current Liabilities', 'docpro', 'docpro', 'Other Non-current Liabilities', '2016-11-22 05:53:30', 1),
(39, '1', '00', '0', 'Equity', 'docpro', 'docpro', '', '2016-11-22 05:54:11', 1),
(40, '1', '01', '1', 'Owner''s Capital', 'docpro', 'docpro', 'Owner''s Capital', '2016-11-22 05:55:30', 1),
(41, '2', '02', '2', 'Additional Capital', 'docpro', 'docpro', 'Additional Capital', '2016-11-22 05:56:04', 1),
(42, '3', '03', '3', 'Drawings', 'docpro', 'docpro', 'Drawings', '2016-11-22 05:56:23', 1),
(43, '4', '04', '4', 'Profit or Loss', 'docpro', 'docpro', 'Profit or Loss', '2016-11-22 05:56:43', 1),
(44, '1', '01', '1', 'Share Capital', 'docpro', 'docpro', 'Share Capital', '2016-11-22 05:59:04', 1),
(45, '2', '02', '2', 'Additional Paid-up Capital', 'docpro', 'docpro', 'Additional Paid-up Capital', '2016-11-22 06:00:26', 1),
(46, '3', '03', '3', 'Retained Earnings', 'docpro', 'docpro', 'Retained Earnings', '2016-11-22 06:04:31', 1),
(47, '1', '01', '1', 'General Fund', 'docpro', 'docpro', 'General Fund', '2016-11-22 06:07:05', 1),
(48, '2', '02', '2', 'Special Fund', 'docpro', 'docpro', 'Special Fund', '2016-11-22 06:07:25', 1),
(49, '3', '03', '3', 'Excess of Receipts over Disbursements', 'docpro', 'docpro', 'Excess of Receipts over Disbursements', '2016-11-22 06:07:59', 1),
(50, '4', '04', '4', 'Other Comprehensive Income', 'docpro', 'docpro', 'Other Comprehensive Income', '2016-11-22 06:09:29', 1),
(51, '1', '00', '0', 'Revenue', 'docpro', 'docpro', '', '2016-11-22 06:12:43', 1),
(52, '1', '00', '0', 'Cost', 'docpro', 'docpro', '', '2016-11-22 06:13:43', 1),
(53, '1', '00', '0', 'Expenses', 'docpro', 'docpro', '', '2016-11-22 06:14:04', 1),
(54, '1', '01', '1', 'Sales', 'docpro', 'docpro', 'Sales', '2016-11-24 06:23:52', 1),
(55, '2', '02', '2', 'Sales Discount', 'docpro', 'docpro', 'Sales Discount', '2016-11-24 06:24:18', 1),
(56, '1', '01', '1', 'Interest on Bank Deposits', 'docpro', 'docpro', 'Interest on Bank Deposits', '2016-11-24 06:28:09', 1),
(57, '2', '02', '2', 'Gain on Sale of Equipment', 'docpro', 'docpro', 'Gain on Sale of Equipment', '2016-11-24 06:28:53', 1),
(58, '3', '03', '3', 'Realized Gain or (Loss) on Sale of Securities', 'docpro', 'docpro', 'Realized Gain or (Loss) on Sale of Securities', '2016-11-24 06:32:04', 0),
(59, '4', '03', '3', 'Investment Income', 'docpro', 'docpro', 'Investment Income', '2016-11-24 06:32:30', 1),
(60, '5', '04', '4', 'Miscellaneous Income', 'docpro', 'docpro', 'Miscellaneous Income', '2016-11-24 06:35:03', 1),
(61, '1', '01', '1', 'Merchandise Inventory, Beginning', 'docpro', 'docpro', 'Merchandise Inventory, Beginning', '2016-11-24 07:07:48', 1),
(62, '2', '02', '2', 'Purchases', 'docpro', 'docpro', 'Net Purchases', '2016-11-24 07:08:26', 1),
(63, '3', '03', '3', 'Purchase Returns and Allowances', 'docpro', 'docpro', 'Net Purchases', '2016-11-24 07:09:03', 1),
(64, '4', '04', '4', 'Purchase Discount', 'docpro', 'docpro', 'Net Purchases', '2016-11-24 07:10:17', 1),
(65, '5', '07', '7', 'Allowance on Inventory Writedown', 'docpro', 'docpro', 'Allowance on Inventory Writedown', '2016-11-24 07:12:17', 1),
(66, '6', '06', '6', 'Merchandise Inventory, End', 'docpro', 'docpro', 'Merchandise Inventory, End', '2016-11-24 07:12:54', 1),
(67, '1', '01', '1', 'Salaries and Wages', 'docpro', 'docpro', 'Salaries and Wages', '2016-11-24 08:06:56', 1),
(68, '2', '02', '2', 'SSS PHIC HDMF and Other Contributions', 'docpro', 'docpro', 'Salaries and Wages', '2016-11-24 08:12:28', 1),
(69, '3', '03', '3', 'Materials, Supplies and Facilities', 'docpro', 'docpro', 'Materials, Supplies and Facilities', '2016-11-24 08:16:53', 1),
(70, '4', '04', '4', 'Depreciation', 'docpro', 'docpro', 'Depreciation', '2016-11-24 08:17:21', 1),
(71, '5', '05', '5', 'Rent Expense', 'docpro', 'docpro', 'Rent Expense', '2016-11-24 08:17:33', 1),
(72, '1', '01', '1', 'Raw Materials, Beginning', 'docpro', 'docpro', 'Direct Materials, Beginning', '2016-11-24 08:20:00', 1),
(73, '2', '02', '2', 'Work in Process, Beginning', 'docpro', 'docpro', 'Work in Process, Beginning', '2016-11-24 08:20:21', 1),
(74, '3', '03', '3', 'Finished Goods, Beginning', 'docpro', 'docpro', 'Finished Goods, Beginning', '2016-11-24 08:20:46', 1),
(75, '4', '04', '4', 'Purchases - Raw Materials', 'docpro', 'docpro', 'Purchase of Direct Materials', '2016-11-24 08:21:24', 1),
(76, '5', '05', '5', 'Purchase Returns and Allowances', 'docpro', 'docpro', 'Purchase of Direct Materials', '2016-11-24 08:21:55', 1),
(77, '6', '06', '6', 'Purchase Discount', 'docpro', 'docpro', 'Purchase of Direct Materials', '2016-11-24 08:23:37', 1),
(78, '7', '07', '7', 'Direct Labor', 'docpro', 'docpro', 'Direct Labor', '2016-11-24 08:23:51', 1),
(79, '8', '08', '8', 'Factory Overhead', 'docpro', 'docpro', 'Manufacturing Overhead', '2016-11-24 08:24:18', 1),
(80, '9', '09', '9', 'Raw Materials, Ending', 'docpro', 'docpro', 'Direct Materials, Ending', '2016-11-24 08:25:01', 1),
(81, '10', '10', '10', 'Work in Process, Ending', 'docpro', 'docpro', 'Work in Process, Ending', '2016-11-24 08:25:48', 1),
(82, '11', '11', '11', 'Finished Goods, Ending', 'docpro', 'docpro', 'Finished Goods, Ending', '2016-11-24 08:26:08', 1),
(83, '1', '01', '1', 'Advertising and Promotions', 'docpro', 'docpro', 'Advertising and Promotions', '2016-11-24 08:28:36', 1),
(84, '2', '02', '2', 'Amortization', 'docpro', 'docpro', 'Amortization', '2016-11-24 08:29:34', 1),
(85, '3', '03', '3', 'Bad Debt Expense', 'docpro', 'docpro', 'Bad Debts', '2016-11-24 08:37:16', 1),
(86, '4', '04', '4', 'Charitable Contributions', 'docpro', 'docpro', 'Charitable Contributions', '2016-11-24 08:38:30', 1),
(87, '5', '05', '5', 'Commissions', 'docpro', 'docpro', 'Commissions', '2016-11-24 08:39:35', 1),
(88, '6', '06', '6', 'Communication, Light and Water', 'docpro', 'docpro', 'Communication, Light and Water', '2016-11-24 08:39:49', 1),
(89, '7', '07', '7', 'Depletion', 'docpro', 'docpro', 'Depletion', '2016-11-24 08:41:17', 1),
(90, '8', '08', '8', 'Depreciation', 'docpro', 'docpro', 'Depreciation', '2016-11-24 08:42:13', 1),
(91, '9', '09', '9', 'Director''s Fees', 'docpro', 'docpro', 'Director''s Fees', '2016-11-24 08:50:58', 1),
(92, '10', '10', '10', 'Fringe Benefits', 'docpro', 'docpro', 'Fringe Benefits', '2016-11-24 08:51:20', 1),
(93, '11', '11', '11', 'Fuel and Oil', 'docpro', 'docpro', 'Fuel and Oil', '2016-11-24 08:51:55', 1),
(94, '12', '12', '12', 'Insurance', 'docpro', 'docpro', 'Insurance', '2016-11-24 08:52:13', 1),
(95, '13', '13', '13', 'Interest', 'docpro', 'docpro', 'Interest', '2016-11-24 08:53:00', 1),
(96, '14', '14', '14', 'Interest on Loans', 'docpro', 'docpro', 'Interest on Loans', '2016-11-24 08:53:27', 0),
(97, '15', '15', '15', 'Interest on Unpaid Taxes', 'docpro', 'docpro', 'Interest on Unpaid Taxes', '2016-11-24 08:53:46', 0),
(98, '16', '14', '14', 'Janitorial and Messengerial Services', 'docpro', 'docpro', 'Janitorial and Messengerial Services', '2016-11-24 08:55:48', 1),
(99, '17', '15', '15', 'Losses', 'docpro', 'docpro', 'Losses', '2016-11-24 08:58:16', 1),
(100, '18', '16', '16', 'Management and Consultancy Fee', 'docpro', 'docpro', 'Management and Consultancy Fee', '2016-11-24 09:02:05', 1),
(101, '19', '17', '17', 'Miscellaneous Expense', 'docpro', 'docpro', 'Miscellaneous', '2016-11-24 09:03:12', 1),
(102, '20', '18', '18', 'Supplies', 'docpro', 'docpro', 'Office Supplies', '2016-11-24 09:03:53', 1),
(103, '21', '19', '19', 'Other Services', 'docpro', 'docpro', 'Other Services', '2016-11-24 09:06:07', 1),
(104, '22', '20', '20', 'Professional Fees', 'docpro', 'docpro', 'Professional Fees', '2016-11-24 09:06:35', 1),
(105, '23', '21', '21', 'Rent Expense', 'docpro', 'docpro', 'Rental', '2016-11-24 09:08:53', 1),
(106, '24', '22', '22', 'Repairs and Maintenance - Labor', 'docpro', 'docpro', 'Repairs and Maintenance - Labor', '2016-11-24 09:15:01', 1),
(107, '25', '23', '23', 'Repairs and Maintenance - Materials', 'docpro', 'docpro', 'Repairs and Maintenance - Materials', '2016-11-24 09:17:33', 1),
(108, '26', '24', '24', 'Representation and Entertainment', 'docpro', 'docpro', 'Representation and Entertainment', '2016-11-24 09:19:32', 1),
(109, '27', '25', '25', 'Research and Development', 'docpro', 'docpro', 'Research and Development', '2016-11-24 09:19:57', 1),
(110, '28', '26', '26', 'Royalties', 'docpro', 'docpro', 'Royalties', '2016-11-24 09:20:13', 1),
(111, '29', '27', '27', 'Salaries and Allowances', 'docpro', 'docpro', 'Salaries and Allowances', '2016-11-24 09:20:31', 1),
(112, '30', '28', '28', 'Security Services', 'docpro', 'docpro', 'Security Services', '2016-11-24 09:22:22', 1),
(113, '31', '29', '29', 'SSS, Philhealth, HDMF and Other Contributions', 'docpro', 'docpro', 'SSS, Philhealth, HDMF and Other Contributions', '2016-11-24 09:23:18', 1),
(114, '32', '30', '30', 'Taxes and Licenses', 'docpro', 'docpro', 'Taxes and Licenses', '2016-11-24 09:24:47', 1),
(115, '33', '31', '31', 'Tolling Fees', 'docpro', 'docpro', 'Tolling Fees', '2016-11-24 09:26:13', 1),
(116, '34', '32', '32', 'Trainings and Seminars', 'docpro', 'docpro', 'Trainings and Seminars', '2016-11-24 09:26:41', 1),
(117, '35', '33', '33', 'Transportation and Travel', 'docpro', 'docpro', 'Transportation and Travel', '2016-11-24 09:27:53', 1),
(118, '36', '34', '34', 'Other Expenses', 'docpro', 'docpro', 'Other Expenses', '2016-11-24 09:29:24', 1),
(119, '3', '03', '3', 'Sales Returns and Allowances', 'docpro', 'docpro', 'Sales Returns and Allowances', '2016-11-25 01:23:18', 1),
(120, '1', '01', '1', 'Rent Income', 'docpro', 'docpro', 'Rent Income', '2016-11-25 01:28:19', 1),
(121, '2', '02', '2', 'Construction Income', 'docpro', 'docpro', 'Construction Income', '2016-11-25 01:28:40', 1),
(122, '7', '05', '5', 'Freight-in', 'docpro', 'docpro', 'Net Purchases', '2016-11-25 01:30:28', 1);

-- --------------------------------------------------------

--
-- Table structure for table `coa_lvl_4`
--

CREATE TABLE IF NOT EXISTS `coa_lvl_4` (
  `lvl_4_id` int(11) NOT NULL,
  `lvl_4_seq` varchar(255) NOT NULL,
  `lvl_4_code` varchar(255) NOT NULL,
  `lvl_4_name` varchar(255) NOT NULL,
  `lvl_4_company` varchar(255) NOT NULL,
  `lvl_4_setup_company` varchar(255) NOT NULL,
  `lvl_4_validity_date` timestamp NOT NULL DEFAULT CURRENT_TIMESTAMP,
  `flag` int(11) NOT NULL DEFAULT '1'
) ENGINE=InnoDB AUTO_INCREMENT=295 DEFAULT CHARSET=latin1;

--
-- Dumping data for table `coa_lvl_4`
--

INSERT INTO `coa_lvl_4` (`lvl_4_id`, `lvl_4_seq`, `lvl_4_code`, `lvl_4_name`, `lvl_4_company`, `lvl_4_setup_company`, `lvl_4_validity_date`, `flag`) VALUES
(1, '1', '0', 'Assets', 'docpro', 'docpro', '2016-11-11 03:20:37', 1),
(2, '1', '0', 'Asset', 'docpro', 'docpro', '2016-11-11 03:21:26', 1),
(3, '1', '0', 'Cash and Cash Equivalents', 'docpro', 'docpro', '2016-11-11 03:24:56', 1),
(4, '2', '1', 'Petty Cash Fund', 'docpro', 'docpro', '2016-11-11 03:25:26', 1),
(5, '1', '0', 'Asset', 'company', 'docpro', '2016-11-11 03:51:16', 1),
(6, '1', '0', 'Cash and Cash Equivalents', 'company', 'docpro', '2016-11-11 03:51:16', 1),
(7, '2', '1', 'Cash on Hand', 'company', 'docpro', '2016-11-11 03:51:16', 1),
(8, '1', '0', 'Asset', 'company', 'docpro', '2016-11-11 04:14:29', 1),
(9, '1', '0', 'Cash and Cash Equivalents', 'company', 'docpro', '2016-11-11 04:14:29', 1),
(10, '2', '1', 'Cash on Hand', 'company', 'docpro', '2016-11-11 04:14:29', 1),
(11, '1', '0', 'Liabilities', 'docpro', 'docpro', '2016-11-17 04:26:00', 1),
(12, '1', '0', 'Asset', 'company', 'docpro', '2016-11-21 05:43:47', 1),
(13, '1', '0', 'Cash and Cash Equivalents', 'company', 'docpro', '2016-11-21 05:43:48', 1),
(14, '2', '1', 'Cash on Hand', 'company', 'docpro', '2016-11-21 05:43:48', 1),
(15, '1', '0', 'Asset', 'company', 'docpro', '2016-11-21 05:44:59', 1),
(16, '1', '0', 'Cash and Cash Equivalents', 'company', 'docpro', '2016-11-21 05:44:59', 1),
(17, '2', '1', 'Cash on Hand', 'company', 'docpro', '2016-11-21 05:44:59', 1),
(18, '1', '0', 'Asset', 'company', 'docpro', '2016-11-21 05:45:19', 1),
(19, '1', '0', 'Cash and Cash Equivalents', 'company', 'docpro', '2016-11-21 05:45:19', 1),
(20, '2', '1', 'Cash on Hand', 'company', 'docpro', '2016-11-21 05:45:19', 1),
(21, '1', '0', '1', 'company', 'company', '2016-11-21 06:11:27', 1),
(22, '3', '2', 'Cash on Hand', 'docpro', 'docpro', '2016-11-22 01:30:58', 1),
(23, '4', '3', 'Cash in Bank', 'docpro', 'docpro', '2016-11-22 01:32:00', 1),
(24, '5', '4', 'Treasury Bill - Three Months or Less', 'docpro', 'docpro', '2016-11-22 01:32:59', 1),
(25, '6', '5', 'Time Deposit - Three Months or Less', 'docpro', 'docpro', '2016-11-22 01:33:44', 1),
(26, '7', '6', 'Money Market Instruments - Three Months or Less', 'docpro', 'docpro', '2016-11-22 01:34:20', 1),
(27, '1', '0', 'Short-term Investments', 'docpro', 'docpro', '2016-11-22 01:40:54', 1),
(28, '2', '1', 'Time Deposit - More Than Three Months', 'docpro', 'docpro', '2016-11-22 02:16:32', 1),
(29, '3', '2', 'Money Market Instruments - More Than Three Months', 'docpro', 'docpro', '2016-11-22 02:17:29', 1),
(30, '4', '3', 'Trading Securities', 'docpro', 'docpro', '2016-11-22 02:21:12', 1),
(31, '5', '4', 'Held to Maturity Investments - Current', 'docpro', 'docpro', '2016-11-22 02:21:55', 1),
(32, '6', '5', 'Financial Asset at Fair Value Through Profit or Loss', 'docpro', 'docpro', '2016-11-22 02:22:38', 1),
(33, '7', '6', 'FInancial Asset at Amortized Cost - Current', 'docpro', 'docpro', '2016-11-22 02:23:27', 1),
(34, '1', '0', 'Trade and Other Receivables', 'docpro', 'docpro', '2016-11-22 02:25:18', 1),
(35, '2', '1', 'Accounts Receivable - Trade', 'docpro', 'docpro', '2016-11-22 02:25:53', 1),
(36, '3', '2', 'Accounts Receivable - Others', 'docpro', 'docpro', '2016-11-22 02:26:32', 1),
(37, '4', '3', 'Accounts Receivable - Employees', 'docpro', 'docpro', '2016-11-22 02:27:01', 1),
(38, '5', '4', 'Cash Advances', 'docpro', 'docpro', '2016-11-22 02:27:53', 1),
(39, '6', '5', 'Allowance for Doubtful Accounts', 'docpro', 'docpro', '2016-11-22 02:28:30', 1),
(40, '1', '0', 'Inventories', 'docpro', 'docpro', '2016-11-22 02:30:31', 1),
(41, '7', '6', 'Notes Receivable - Trade', 'docpro', 'docpro', '2016-11-22 02:31:07', 1),
(42, '8', '7', 'Accrued Income', 'docpro', 'docpro', '2016-11-22 02:33:45', 1),
(43, '2', '1', 'Merchandise Inventory', 'docpro', 'docpro', '2016-11-22 02:36:52', 1),
(44, '3', '2', 'Raw Materials Inventory', 'docpro', 'docpro', '2016-11-22 02:37:33', 1),
(45, '4', '3', 'Goods in Process Inventory', 'docpro', 'docpro', '2016-11-22 02:38:35', 1),
(46, '5', '4', 'Finished Goods Inventory', 'docpro', 'docpro', '2016-11-22 02:39:50', 1),
(47, '1', '0', 'Prepaid Expenses', 'docpro', 'docpro', '2016-11-22 02:41:23', 1),
(48, '2', '1', 'Prepaid Insurance', 'docpro', 'docpro', '2016-11-22 02:42:11', 1),
(49, '3', '2', 'Prepaid Rent', 'docpro', 'docpro', '2016-11-22 02:42:24', 1),
(50, '4', '3', 'Other Prepaid Expenses', 'docpro', 'docpro', '2016-11-22 02:42:46', 1),
(51, '1', '0', 'Other Current Assets', 'docpro', 'docpro', '2016-11-22 02:50:14', 1),
(52, '2', '1', 'Unused Supplies', 'docpro', 'docpro', '2016-11-22 02:50:41', 1),
(53, '3', '2', 'Excess of Input Tax Over Output Tax', 'docpro', 'docpro', '2016-11-22 02:51:09', 1),
(54, '1', '0', 'Property, Plant and Equipment', 'docpro', 'docpro', '2016-11-22 02:52:38', 1),
(55, '2', '1', 'Land', 'docpro', 'docpro', '2016-11-22 02:53:01', 1),
(56, '3', '2', 'Building', 'docpro', 'docpro', '2016-11-22 02:53:31', 1),
(57, '4', '3', 'Equipment', 'docpro', 'docpro', '2016-11-22 02:53:51', 1),
(58, '5', '4', 'Furniture and Fixtures', 'docpro', 'docpro', '2016-11-22 02:54:07', 1),
(59, '6', '5', 'Improvements', 'docpro', 'docpro', '2016-11-22 02:54:23', 1),
(60, '7', '6', 'Motor Vehicle', 'docpro', 'docpro', '2016-11-22 02:54:44', 1),
(61, '8', '7', 'Machineries', 'docpro', 'docpro', '2016-11-22 02:55:08', 0),
(62, '9', '7', 'Accumulated Depreciation', 'docpro', 'docpro', '2016-11-22 02:56:01', 1),
(63, '1', '0', 'Investment Property', 'docpro', 'docpro', '2016-11-22 02:59:57', 1),
(64, '2', '1', 'Investment Property - Land', 'docpro', 'docpro', '2016-11-22 03:00:21', 1),
(65, '3', '2', 'Investment Property - Building', 'docpro', 'docpro', '2016-11-22 03:28:14', 1),
(66, '4', '3', 'Accumulated Depreciation - Investment Property', 'docpro', 'docpro', '2016-11-22 03:50:44', 1),
(67, '5', '4', 'Accumulated Impairement Loss - Investement Property', 'docpro', 'docpro', '2016-11-22 03:51:31', 1),
(68, '1', '0', 'Long-term Investments', 'docpro', 'docpro', '2016-11-22 03:57:46', 1),
(69, '2', '1', 'Available For Sale Securities', 'docpro', 'docpro', '2016-11-22 03:58:40', 1),
(70, '3', '2', 'Held to Maturity Investments', 'docpro', 'docpro', '2016-11-22 03:59:41', 1),
(71, '4', '3', 'Investment in Associate', 'docpro', 'docpro', '2016-11-22 04:00:26', 1),
(72, '5', '4', 'Investment in Joint Venture', 'docpro', 'docpro', '2016-11-22 04:01:31', 1),
(73, '6', '5', 'Financial Asset at Fair Value Through OCI', 'docpro', 'docpro', '2016-11-22 04:02:36', 1),
(74, '7', '6', 'FInancial Asset at Amortized Cost', 'docpro', 'docpro', '2016-11-22 04:03:28', 1),
(75, '1', '0', 'Intangibles', 'docpro', 'docpro', '2016-11-22 04:06:35', 1),
(76, '2', '1', 'Lease Rights', 'docpro', 'docpro', '2016-11-22 04:07:01', 1),
(77, '3', '2', 'Franchise', 'docpro', 'docpro', '2016-11-22 04:09:15', 1),
(78, '4', '3', 'Copyright', 'docpro', 'docpro', '2016-11-22 04:09:44', 1),
(79, '5', '4', 'Trademark', 'docpro', 'docpro', '2016-11-22 04:10:12', 1),
(80, '6', '5', 'Patent', 'docpro', 'docpro', '2016-11-22 04:11:23', 1),
(81, '7', '6', 'Goodwill', 'docpro', 'docpro', '2016-11-22 04:12:28', 1),
(82, '8', '7', 'Accumulated Amortization', 'docpro', 'docpro', '2016-11-22 04:13:09', 1),
(83, '1', '0', 'Biological Assets', 'docpro', 'docpro', '2016-11-22 04:14:37', 1),
(84, '1', '0', 'Plan and Retirement Assets', 'docpro', 'docpro', '2016-11-22 04:15:29', 1),
(85, '1', '0', 'Deferred Tax Asset', 'docpro', 'docpro', '2016-11-22 04:16:30', 1),
(86, '2', '1', 'Deferred Tax Asset - Temporary Differences', 'docpro', 'docpro', '2016-11-22 04:56:45', 1),
(87, '3', '2', 'Deferred Tax Asset - Excess of MCIT over RCIT', 'docpro', 'docpro', '2016-11-22 05:18:53', 1),
(88, '4', '3', 'Deferred Tax Asset - NOLCO', 'docpro', 'docpro', '2016-11-22 05:19:34', 1),
(89, '1', '0', 'Other Non-current Assets', 'docpro', 'docpro', '2016-11-22 05:21:06', 1),
(90, '1', '0', 'Liabilities', 'docpro', 'docpro', '2016-11-22 05:25:40', 1),
(91, '1', '0', 'Current Liabilities', 'docpro', 'docpro', '2016-11-22 05:28:12', 1),
(92, '2', '1', 'Accounts Payable - Trade', 'docpro', 'docpro', '2016-11-22 05:30:08', 1),
(93, '1', '0', 'Trade Payables', 'docpro', 'docpro', '2016-11-22 05:32:40', 1),
(94, '2', '1', 'Accounts Payable - Trade', 'docpro', 'docpro', '2016-11-22 05:33:18', 1),
(95, '1', '0', 'Other Current Payables', 'docpro', 'docpro', '2016-11-22 05:34:07', 1),
(96, '2', '1', 'SSS PHIC HDMF Payable', 'docpro', 'docpro', '2016-11-22 05:35:14', 1),
(97, '3', '2', 'SSS Loans Payable', 'docpro', 'docpro', '2016-11-22 05:35:48', 0),
(98, '4', '3', 'PHIC Payable', 'docpro', 'docpro', '2016-11-22 05:36:09', 0),
(99, '5', '4', 'HDMF Payable', 'docpro', 'docpro', '2016-11-22 05:36:31', 0),
(100, '6', '5', 'HDMF Loans Payable', 'docpro', 'docpro', '2016-11-22 05:36:52', 0),
(101, '1', '0', 'Related Party Payables', 'docpro', 'docpro', '2016-11-22 05:48:58', 1),
(102, '1', '0', 'Provisions', 'docpro', 'docpro', '2016-11-22 05:49:22', 1),
(103, '1', '0', 'Loans Payable - Current Portion', 'docpro', 'docpro', '2016-11-22 05:49:58', 1),
(104, '3', '2', 'Notes Payable - Trade', 'docpro', 'docpro', '2016-11-22 05:50:49', 1),
(105, '1', '0', 'Loans Payable', 'docpro', 'docpro', '2016-11-22 05:52:02', 1),
(106, '1', '0', 'Pension Liabilities', 'docpro', 'docpro', '2016-11-22 05:52:51', 1),
(107, '1', '0', 'Other Non-current Liabilities', 'docpro', 'docpro', '2016-11-22 05:53:30', 1),
(108, '1', '0', 'Equity', 'docpro', 'docpro', '2016-11-22 05:54:11', 1),
(109, '1', '0', 'Owner''s Capital', 'docpro', 'docpro', '2016-11-22 05:55:30', 1),
(110, '1', '0', 'Additional Capital', 'docpro', 'docpro', '2016-11-22 05:56:04', 1),
(111, '1', '0', 'Drawings', 'docpro', 'docpro', '2016-11-22 05:56:23', 1),
(112, '1', '0', 'Profit or Loss', 'docpro', 'docpro', '2016-11-22 05:56:43', 1),
(113, '1', '0', 'Share Capital', 'docpro', 'docpro', '2016-11-22 05:59:04', 1),
(114, '2', '1', 'Ordinary Share Capital', 'docpro', 'docpro', '2016-11-22 05:59:26', 1),
(115, '3', '2', 'Preference Share Capital', 'docpro', 'docpro', '2016-11-22 05:59:45', 1),
(116, '1', '0', 'Additional Paid-up Capital', 'docpro', 'docpro', '2016-11-22 06:00:26', 1),
(117, '2', '1', 'Share Premium', 'docpro', 'docpro', '2016-11-22 06:00:46', 1),
(118, '3', '2', 'Treasury Shares', 'docpro', 'docpro', '2016-11-22 06:01:46', 1),
(119, '4', '3', 'Share Options Outstanding', 'docpro', 'docpro', '2016-11-22 06:02:04', 1),
(120, '5', '4', 'Share Warrants Outstanding', 'docpro', 'docpro', '2016-11-22 06:02:28', 1),
(121, '6', '5', 'Donated Capital', 'docpro', 'docpro', '2016-11-22 06:02:56', 1),
(122, '7', '6', 'Bond Conversion Privilege', 'docpro', 'docpro', '2016-11-22 06:03:33', 1),
(123, '1', '0', 'Retained Earnings', 'docpro', 'docpro', '2016-11-22 06:04:31', 1),
(124, '2', '1', 'Retained Earnings - Unappropriated', 'docpro', 'docpro', '2016-11-22 06:04:56', 1),
(125, '3', '2', 'Prior Period Adjustments', 'docpro', 'docpro', '2016-11-22 06:05:25', 1),
(126, '4', '3', 'Net Income or Loss', 'docpro', 'docpro', '2016-11-22 06:05:40', 1),
(127, '5', '4', 'Retained Earnings - Appropriated', 'docpro', 'docpro', '2016-11-22 06:06:00', 1),
(128, '1', '0', 'General Fund', 'docpro', 'docpro', '2016-11-22 06:07:05', 1),
(129, '1', '0', 'Special Fund', 'docpro', 'docpro', '2016-11-22 06:07:25', 1),
(130, '1', '0', 'Excess of Receipts over Disbursements', 'docpro', 'docpro', '2016-11-22 06:07:59', 1),
(131, '4', '3', 'Subscribed Share Capital', 'docpro', 'docpro', '2016-11-22 06:08:36', 1),
(132, '1', '0', 'Other Comprehensive Income', 'docpro', 'docpro', '2016-11-22 06:09:29', 1),
(133, '2', '1', 'Revaluation Surplus', 'docpro', 'docpro', '2016-11-22 06:10:00', 1),
(134, '3', '2', 'Translation Reserve', 'docpro', 'docpro', '2016-11-22 06:10:16', 1),
(135, '4', '3', 'Unrealized Holding Gain or Loss from FA at OCI', 'docpro', 'docpro', '2016-11-22 06:10:46', 1),
(136, '5', '4', 'Cash Flow Hedging Gain or Loss', 'docpro', 'docpro', '2016-11-22 06:11:09', 1),
(137, '6', '5', 'Actuarial Gain or Loss', 'docpro', 'docpro', '2016-11-22 06:11:29', 1),
(138, '1', '0', 'Revenue', 'docpro', 'docpro', '2016-11-22 06:12:43', 1),
(139, '1', '0', 'Cost', 'docpro', 'docpro', '2016-11-22 06:13:43', 1),
(140, '1', '0', 'Expenses', 'docpro', 'docpro', '2016-11-22 06:14:04', 1),
(141, '1', '0', 'Sales', 'docpro', 'docpro', '2016-11-24 06:23:52', 1),
(142, '1', '0', 'Sales Discount', 'docpro', 'docpro', '2016-11-24 06:24:18', 1),
(143, '1', '0', 'Interest on Bank Deposits', 'docpro', 'docpro', '2016-11-24 06:28:09', 1),
(144, '1', '0', 'Gain on Sale of Equipment', 'docpro', 'docpro', '2016-11-24 06:28:53', 1),
(145, '1', '0', 'Realized Gain or (Loss) on Sale of Securities', 'docpro', 'docpro', '2016-11-24 06:32:04', 1),
(146, '1', '0', 'Investment Income', 'docpro', 'docpro', '2016-11-24 06:32:30', 1),
(147, '1', '0', 'Miscellaneous Income', 'docpro', 'docpro', '2016-11-24 06:35:03', 1),
(148, '2', '1', 'Interest Income', 'docpro', 'docpro', '2016-11-24 06:47:30', 1),
(149, '3', '2', 'Realized Gain on Sale of Securities', 'docpro', 'docpro', '2016-11-24 06:47:46', 1),
(150, '4', '3', 'Unrealized Holding Gain or Loss from FA at P/L', 'docpro', 'docpro', '2016-11-24 06:51:04', 1),
(151, '5', '4', 'Dividend Income', 'docpro', 'docpro', '2016-11-24 06:51:21', 1),
(152, '2', '1', 'Subsidies', 'docpro', 'docpro', '2016-11-24 06:52:25', 1),
(153, '3', '2', 'Coastal', 'docpro', 'docpro', '2016-11-24 06:52:39', 1),
(154, '4', '3', 'Price Protection', 'docpro', 'docpro', '2016-11-24 06:52:57', 1),
(155, '5', '4', 'Promotions', 'docpro', 'docpro', '2016-11-24 06:53:16', 1),
(156, '6', '5', 'Guaranteed Income', 'docpro', 'docpro', '2016-11-24 06:53:33', 1),
(157, '7', '6', 'Other Support/Incentives', 'docpro', 'docpro', '2016-11-24 06:53:49', 1),
(158, '1', '0', 'Merchandise Inventory, Beginning', 'docpro', 'docpro', '2016-11-24 07:07:48', 1),
(159, '1', '0', 'Purchases', 'docpro', 'docpro', '2016-11-24 07:08:26', 1),
(160, '1', '0', 'Purchase Returns and Allowances', 'docpro', 'docpro', '2016-11-24 07:09:03', 1),
(161, '1', '0', 'Purchase Discount', 'docpro', 'docpro', '2016-11-24 07:10:17', 1),
(162, '1', '0', 'Allowance on Inventory Writedown', 'docpro', 'docpro', '2016-11-24 07:12:17', 1),
(163, '1', '0', 'Merchandise Inventory, End', 'docpro', 'docpro', '2016-11-24 07:12:54', 1),
(164, '1', '0', 'Salaries and Wages', 'docpro', 'docpro', '2016-11-24 08:06:56', 1),
(165, '2', '1', 'Salaries and Wages', 'docpro', 'docpro', '2016-11-24 08:07:17', 1),
(166, '3', '2', 'Benefits and Allowances', 'docpro', 'docpro', '2016-11-24 08:07:37', 1),
(167, '4', '3', '13th Month Pay', 'docpro', 'docpro', '2016-11-24 08:08:02', 1),
(168, '5', '4', 'Incentives and Bonuses', 'docpro', 'docpro', '2016-11-24 08:12:05', 1),
(169, '1', '0', 'SSS PHIC HDMF and Other Contributions', 'docpro', 'docpro', '2016-11-24 08:12:28', 1),
(170, '2', '1', 'SSS EC Contributions', 'docpro', 'docpro', '2016-11-24 08:15:46', 1),
(171, '3', '2', 'PHIC Contributions', 'docpro', 'docpro', '2016-11-24 08:15:58', 1),
(172, '4', '3', 'HDMF Contributions', 'docpro', 'docpro', '2016-11-24 08:16:10', 1),
(173, '5', '4', 'Other Contributions', 'docpro', 'docpro', '2016-11-24 08:16:22', 1),
(174, '1', '0', 'Materials, Supplies and Facilities', 'docpro', 'docpro', '2016-11-24 08:16:53', 1),
(175, '1', '0', 'Depreciation', 'docpro', 'docpro', '2016-11-24 08:17:21', 1),
(176, '1', '0', 'Rent Expense', 'docpro', 'docpro', '2016-11-24 08:17:33', 1),
(177, '1', '0', 'Raw Materials, Beginning', 'docpro', 'docpro', '2016-11-24 08:20:00', 1),
(178, '1', '0', 'Work in Process, Beginning', 'docpro', 'docpro', '2016-11-24 08:20:21', 1),
(179, '1', '0', 'Finished Goods, Beginning', 'docpro', 'docpro', '2016-11-24 08:20:46', 1),
(180, '1', '0', 'Purchases - Raw Materials', 'docpro', 'docpro', '2016-11-24 08:21:24', 1),
(181, '1', '0', 'Purchase Returns and Allowances', 'docpro', 'docpro', '2016-11-24 08:21:55', 1),
(182, '1', '0', 'Purchase Discount', 'docpro', 'docpro', '2016-11-24 08:23:37', 1),
(183, '1', '0', 'Direct Labor', 'docpro', 'docpro', '2016-11-24 08:23:51', 1),
(184, '1', '0', 'Factory Overhead', 'docpro', 'docpro', '2016-11-24 08:24:18', 1),
(185, '1', '0', 'Raw Materials, Ending', 'docpro', 'docpro', '2016-11-24 08:25:01', 1),
(186, '1', '0', 'Work in Process, Ending', 'docpro', 'docpro', '2016-11-24 08:25:48', 1),
(187, '1', '0', 'Finished Goods, Ending', 'docpro', 'docpro', '2016-11-24 08:26:08', 1),
(188, '1', '0', 'Advertising and Promotions', 'docpro', 'docpro', '2016-11-24 08:28:36', 1),
(189, '2', '1', 'Advertising', 'docpro', 'docpro', '2016-11-24 08:28:48', 1),
(190, '3', '2', 'Promotions', 'docpro', 'docpro', '2016-11-24 08:29:06', 1),
(191, '1', '0', 'Amortization', 'docpro', 'docpro', '2016-11-24 08:29:34', 1),
(192, '2', '1', 'Amortization - Lease rights', 'docpro', 'docpro', '2016-11-24 08:29:51', 1),
(193, '3', '2', 'Amortization - Franchise', 'docpro', 'docpro', '2016-11-24 08:31:01', 1),
(194, '4', '3', 'Amortization - Copyright', 'docpro', 'docpro', '2016-11-24 08:31:25', 1),
(195, '5', '4', 'Amortization - Software', 'docpro', 'docpro', '2016-11-24 08:31:44', 1),
(196, '6', '5', 'Amortization - Patent', 'docpro', 'docpro', '2016-11-24 08:31:57', 1),
(197, '1', '0', 'Bad Debt Expense', 'docpro', 'docpro', '2016-11-24 08:37:16', 1),
(198, '1', '0', 'Charitable Contributions', 'docpro', 'docpro', '2016-11-24 08:38:30', 1),
(199, '2', '1', 'Donations to Charitable Institutions', 'docpro', 'docpro', '2016-11-24 08:39:04', 1),
(200, '3', '2', 'Donations to NGO''s', 'docpro', 'docpro', '2016-11-24 08:39:20', 1),
(201, '1', '0', 'Commissions', 'docpro', 'docpro', '2016-11-24 08:39:35', 1),
(202, '1', '0', 'Communication, Light and Water', 'docpro', 'docpro', '2016-11-24 08:39:49', 1),
(203, '2', '1', 'Communications', 'docpro', 'docpro', '2016-11-24 08:40:08', 1),
(204, '3', '2', 'Light', 'docpro', 'docpro', '2016-11-24 08:40:24', 1),
(205, '4', '3', 'Water', 'docpro', 'docpro', '2016-11-24 08:40:51', 1),
(206, '1', '0', 'Depletion', 'docpro', 'docpro', '2016-11-24 08:41:17', 1),
(207, '2', '1', 'Depletion - Water Assets', 'docpro', 'docpro', '2016-11-24 08:41:37', 1),
(208, '3', '2', 'Depletion - Wasting Assets', 'docpro', 'docpro', '2016-11-24 08:41:52', 1),
(209, '1', '0', 'Depreciation', 'docpro', 'docpro', '2016-11-24 08:42:13', 1),
(210, '2', '1', 'Depreciation Expense - Building', 'docpro', 'docpro', '2016-11-24 08:45:48', 1),
(211, '3', '2', 'Depreciation Expense - Equipment', 'docpro', 'docpro', '2016-11-24 08:46:26', 1),
(212, '4', '3', 'Depreciation Expense - Furniture and Fixtures', 'docpro', 'docpro', '2016-11-24 08:46:51', 1),
(213, '5', '4', 'Depreciation Expense - Improvements', 'docpro', 'docpro', '2016-11-24 08:47:19', 1),
(214, '6', '5', 'Depreciation Expense - Motor Vehicle', 'docpro', 'docpro', '2016-11-24 08:47:55', 1),
(215, '1', '0', 'Director''s Fees', 'docpro', 'docpro', '2016-11-24 08:50:58', 1),
(216, '1', '0', 'Fringe Benefits', 'docpro', 'docpro', '2016-11-24 08:51:20', 1),
(217, '1', '0', 'Fuel and Oil', 'docpro', 'docpro', '2016-11-24 08:51:55', 1),
(218, '1', '0', 'Insurance', 'docpro', 'docpro', '2016-11-24 08:52:13', 1),
(219, '1', '0', 'Interest', 'docpro', 'docpro', '2016-11-24 08:53:00', 1),
(220, '1', '0', 'Interest on Loans', 'docpro', 'docpro', '2016-11-24 08:53:27', 1),
(221, '1', '0', 'Interest on Unpaid Taxes', 'docpro', 'docpro', '2016-11-24 08:53:46', 1),
(222, '2', '1', 'Interest on Loans', 'docpro', 'docpro', '2016-11-24 08:54:50', 1),
(223, '3', '2', 'Interest on Unpaid Taxes', 'docpro', 'docpro', '2016-11-24 08:55:12', 1),
(224, '1', '0', 'Janitorial and Messengerial Services', 'docpro', 'docpro', '2016-11-24 08:55:48', 1),
(225, '2', '1', 'Janitorial Services', 'docpro', 'docpro', '2016-11-24 08:56:59', 1),
(226, '3', '2', 'Messengerial Services', 'docpro', 'docpro', '2016-11-24 08:57:32', 1),
(227, '1', '0', 'Losses', 'docpro', 'docpro', '2016-11-24 08:58:16', 1),
(228, '2', '1', 'Investment Loss', 'docpro', 'docpro', '2016-11-24 08:58:57', 1),
(229, '3', '2', 'Foreign Exchange Loss', 'docpro', 'docpro', '2016-11-24 08:59:43', 1),
(230, '4', '3', 'Loss on Sale of Equipment', 'docpro', 'docpro', '2016-11-24 08:59:57', 1),
(231, '5', '4', 'Loss on Inventory Writedown', 'docpro', 'docpro', '2016-11-24 09:00:47', 1),
(232, '6', '5', 'Casualty Loss', 'docpro', 'docpro', '2016-11-24 09:01:09', 1),
(233, '1', '0', 'Management and Consultancy Fee', 'docpro', 'docpro', '2016-11-24 09:02:05', 1),
(234, '1', '0', 'Miscellaneous Expense', 'docpro', 'docpro', '2016-11-24 09:03:12', 1),
(235, '1', '0', 'Supplies', 'docpro', 'docpro', '2016-11-24 09:03:53', 1),
(236, '2', '1', 'Office Supplies', 'docpro', 'docpro', '2016-11-24 09:05:06', 1),
(237, '3', '2', 'Cleaning Supplies', 'docpro', 'docpro', '2016-11-24 09:05:22', 1),
(238, '4', '3', 'Store Supplies', 'docpro', 'docpro', '2016-11-24 09:05:50', 1),
(239, '1', '0', 'Other Services', 'docpro', 'docpro', '2016-11-24 09:06:07', 1),
(240, '1', '0', 'Professional Fees', 'docpro', 'docpro', '2016-11-24 09:06:35', 1),
(241, '2', '1', 'Legal Fees', 'docpro', 'docpro', '2016-11-24 09:07:12', 1),
(242, '3', '2', 'Audit Fees', 'docpro', 'docpro', '2016-11-24 09:07:52', 1),
(243, '4', '3', 'Other Professional Fees', 'docpro', 'docpro', '2016-11-24 09:08:12', 1),
(244, '1', '0', 'Rent Expense', 'docpro', 'docpro', '2016-11-24 09:08:53', 1),
(245, '2', '1', 'Rent Expense - Real Properties', 'docpro', 'docpro', '2016-11-24 09:09:20', 1),
(246, '3', '2', 'Rent Expense - Personal Properties', 'docpro', 'docpro', '2016-11-24 09:10:18', 1),
(247, '4', '3', 'Rent Expense - Billboard Ads', 'docpro', 'docpro', '2016-11-24 09:14:27', 1),
(248, '1', '0', 'Repairs and Maintenance - Labor', 'docpro', 'docpro', '2016-11-24 09:15:01', 1),
(249, '2', '1', 'Office Repairs & Maintenance - Labor', 'docpro', 'docpro', '2016-11-24 09:15:43', 1),
(250, '3', '2', 'Shop Repairs & Maintenance - Labor', 'docpro', 'docpro', '2016-11-24 09:15:59', 1),
(251, '4', '3', 'Vehicle Repairs & Maintenance - Labor', 'docpro', 'docpro', '2016-11-24 09:16:19', 1),
(252, '5', '4', 'Equipment Repairs & Maintenance - Labor', 'docpro', 'docpro', '2016-11-24 09:16:49', 1),
(253, '1', '0', 'Repairs and Maintenance - Materials', 'docpro', 'docpro', '2016-11-24 09:17:33', 1),
(254, '2', '1', 'Office Repairs & Maintenance - Materials', 'docpro', 'docpro', '2016-11-24 09:18:02', 1),
(255, '3', '2', 'Shop Repairs & Maintenance - Materials', 'docpro', 'docpro', '2016-11-24 09:18:22', 1),
(256, '4', '3', 'Vehicle Repairs & Maintenance - Materials', 'docpro', 'docpro', '2016-11-24 09:18:44', 1),
(257, '5', '4', 'Equipment Repairs & Maintenance - Materials', 'docpro', 'docpro', '2016-11-24 09:19:07', 1),
(258, '1', '0', 'Representation and Entertainment', 'docpro', 'docpro', '2016-11-24 09:19:32', 1),
(259, '1', '0', 'Research and Development', 'docpro', 'docpro', '2016-11-24 09:19:57', 1),
(260, '1', '0', 'Royalties', 'docpro', 'docpro', '2016-11-24 09:20:13', 1),
(261, '1', '0', 'Salaries and Allowances', 'docpro', 'docpro', '2016-11-24 09:20:31', 1),
(262, '2', '1', 'Salaries and Wages', 'docpro', 'docpro', '2016-11-24 09:20:55', 1),
(263, '3', '2', 'Benefits and Allowances', 'docpro', 'docpro', '2016-11-24 09:21:11', 1),
(264, '4', '3', '13th Month Pay', 'docpro', 'docpro', '2016-11-24 09:21:24', 1),
(265, '5', '4', 'Incentives and Bonuses', 'docpro', 'docpro', '2016-11-24 09:21:36', 1),
(266, '6', '5', 'De Minimis Benefits', 'docpro', 'docpro', '2016-11-24 09:21:53', 1),
(267, '1', '0', 'Security Services', 'docpro', 'docpro', '2016-11-24 09:22:22', 1),
(268, '1', '0', 'SSS, Philhealth, HDMF and Other Contributions', 'docpro', 'docpro', '2016-11-24 09:23:18', 1),
(269, '2', '1', 'SSS EC Contributions', 'docpro', 'docpro', '2016-11-24 09:23:43', 1),
(270, '3', '2', 'PHIC Contributions', 'docpro', 'docpro', '2016-11-24 09:23:56', 1),
(271, '4', '3', 'HDMF Contributions', 'docpro', 'docpro', '2016-11-24 09:24:09', 1),
(272, '5', '4', 'Other Contributions', 'docpro', 'docpro', '2016-11-24 09:24:21', 1),
(273, '1', '0', 'Taxes and Licenses', 'docpro', 'docpro', '2016-11-24 09:24:47', 1),
(274, '1', '0', 'Tolling Fees', 'docpro', 'docpro', '2016-11-24 09:26:13', 1),
(275, '1', '0', 'Trainings and Seminars', 'docpro', 'docpro', '2016-11-24 09:26:41', 1),
(276, '2', '1', 'Meetings Expense', 'docpro', 'docpro', '2016-11-24 09:27:15', 1),
(277, '1', '0', 'Transportation and Travel', 'docpro', 'docpro', '2016-11-24 09:27:53', 1),
(278, '2', '1', 'Parking Fees', 'docpro', 'docpro', '2016-11-24 09:28:47', 1),
(279, '1', '0', 'Other Expenses', 'docpro', 'docpro', '2016-11-24 09:29:24', 1),
(280, '2', '1', 'Illegal Acts', 'docpro', 'docpro', '2016-11-24 09:29:50', 1),
(281, '3', '2', 'Fines and Penalties', 'docpro', 'docpro', '2016-11-24 09:30:09', 1),
(282, '4', '3', 'Bank Charges', 'docpro', 'docpro', '2016-11-24 09:30:51', 1),
(283, '5', '4', 'Freight and Trucking Services', 'docpro', 'docpro', '2016-11-24 09:31:19', 1),
(284, '6', '5', 'Import Duties and Processing Fees', 'docpro', 'docpro', '2016-11-24 09:31:40', 1),
(285, '2', '1', 'Bad Debt Expense - Trade Receivables', 'docpro', 'docpro', '2016-11-24 09:34:41', 1),
(286, '3', '2', 'Bad Debt Expense - Non-trade Receivables', 'docpro', 'docpro', '2016-11-24 09:35:07', 1),
(287, '7', '3', 'VAT Payable', 'docpro', 'docpro', '2016-11-24 09:49:58', 1),
(288, '8', '2', 'Withholding Tax Payable', 'docpro', 'docpro', '2016-11-24 09:50:01', 1),
(289, '9', '4', 'Income Tax Payable', 'docpro', 'docpro', '2016-11-24 09:51:44', 1),
(290, '10', '5', 'Accrued Expenses', 'docpro', 'docpro', '2016-11-24 09:52:51', 1),
(291, '1', '0', 'Sales Returns and Allowances', 'docpro', 'docpro', '2016-11-25 01:23:18', 1),
(292, '1', '0', 'Rent Income', 'docpro', 'docpro', '2016-11-25 01:28:19', 1),
(293, '1', '0', 'Construction Income', 'docpro', 'docpro', '2016-11-25 01:28:40', 1),
(294, '1', '0', 'Freight-in', 'docpro', 'docpro', '2016-11-25 01:30:28', 1);

-- --------------------------------------------------------

--
-- Table structure for table `coa_lvl_5`
--

CREATE TABLE IF NOT EXISTS `coa_lvl_5` (
  `lvl_5_id` int(11) NOT NULL,
  `lvl_5_seq` varchar(255) NOT NULL,
  `lvl_5_code` varchar(255) NOT NULL,
  `lvl_5_name` varchar(255) NOT NULL,
  `lvl_5_company` varchar(255) NOT NULL,
  `lvl_5_setup_company` varchar(255) NOT NULL,
  `lvl_5_validity_date` timestamp NOT NULL DEFAULT CURRENT_TIMESTAMP,
  `flag` int(11) NOT NULL DEFAULT '1'
) ENGINE=InnoDB AUTO_INCREMENT=296 DEFAULT CHARSET=latin1;

--
-- Dumping data for table `coa_lvl_5`
--

INSERT INTO `coa_lvl_5` (`lvl_5_id`, `lvl_5_seq`, `lvl_5_code`, `lvl_5_name`, `lvl_5_company`, `lvl_5_setup_company`, `lvl_5_validity_date`, `flag`) VALUES
(1, '1', '0', 'Assets', 'docpro', 'docpro', '2016-11-11 03:20:37', 1),
(2, '1', '0', 'Asset', 'docpro', 'docpro', '2016-11-11 03:21:26', 1),
(3, '1', '0', 'Cash and Cash Equivalents', 'docpro', 'docpro', '2016-11-11 03:24:56', 1),
(4, '1', '0', 'Petty Cash Fund', 'docpro', 'docpro', '2016-11-11 03:25:26', 0),
(5, '1', '0', 'Asset', 'company', 'docpro', '2016-11-11 03:51:16', 1),
(6, '1', '0', 'Cash and Cash Equivalents', 'company', 'docpro', '2016-11-11 03:51:16', 1),
(7, '1', '0', 'Cash on Hand', 'company', 'docpro', '2016-11-11 03:51:16', 1),
(8, '1', '0', 'Asset', 'company', 'docpro', '2016-11-11 04:14:29', 1),
(9, '1', '0', 'Cash and Cash Equivalents', 'company', 'docpro', '2016-11-11 04:14:29', 1),
(10, '1', '0', 'Cash on Hand', 'company', 'docpro', '2016-11-11 04:14:29', 1),
(11, '1', '0', 'Liabilities', 'docpro', 'docpro', '2016-11-17 04:26:00', 1),
(12, '1', '0', 'Asset', 'company', 'docpro', '2016-11-21 05:43:48', 1),
(13, '1', '0', 'Cash and Cash Equivalents', 'company', 'docpro', '2016-11-21 05:43:48', 1),
(14, '1', '0', 'Cash on Hand', 'company', 'docpro', '2016-11-21 05:43:48', 1),
(15, '1', '0', 'Asset', 'company', 'docpro', '2016-11-21 05:44:59', 1),
(16, '1', '0', 'Cash and Cash Equivalents', 'company', 'docpro', '2016-11-21 05:44:59', 1),
(17, '1', '0', 'Cash on Hand', 'company', 'docpro', '2016-11-21 05:44:59', 1),
(18, '1', '0', 'Asset', 'company', 'docpro', '2016-11-21 05:45:19', 1),
(19, '1', '0', 'Cash and Cash Equivalents', 'company', 'docpro', '2016-11-21 05:45:19', 1),
(20, '1', '0', 'Cash on Hand', 'company', 'docpro', '2016-11-21 05:45:19', 1),
(21, '1', '0', '1', 'company', 'company', '2016-11-21 06:11:27', 1),
(22, '1', '0', 'Cash on Hand', 'docpro', 'docpro', '2016-11-22 01:30:58', 1),
(23, '1', '0', 'Cash in Bank', 'docpro', 'docpro', '2016-11-22 01:32:00', 1),
(24, '1', '0', 'Treasury Bill - Three Months or Less', 'docpro', 'docpro', '2016-11-22 01:32:59', 1),
(25, '1', '0', 'Time Deposit - Three Months or Less', 'docpro', 'docpro', '2016-11-22 01:33:44', 1),
(26, '1', '0', 'Money Market Instruments - Three Months or Less', 'docpro', 'docpro', '2016-11-22 01:34:20', 1),
(27, '1', '0', 'Short-term Investments', 'docpro', 'docpro', '2016-11-22 01:40:54', 1),
(28, '1', '0', 'Time Deposit - More Than Three Months', 'docpro', 'docpro', '2016-11-22 02:16:32', 1),
(29, '1', '0', 'Money Market Instruments - More Than Three Months', 'docpro', 'docpro', '2016-11-22 02:17:29', 1),
(30, '1', '0', 'Trading Securities', 'docpro', 'docpro', '2016-11-22 02:21:12', 1),
(31, '1', '0', 'Held to Maturity Investments - Current', 'docpro', 'docpro', '2016-11-22 02:21:55', 1),
(32, '1', '0', 'Financial Asset at Fair Value Through Profit or Loss', 'docpro', 'docpro', '2016-11-22 02:22:38', 1),
(33, '1', '0', 'FInancial Asset at Amortized Cost - Current', 'docpro', 'docpro', '2016-11-22 02:23:27', 1),
(34, '1', '0', 'Trade and Other Receivables', 'docpro', 'docpro', '2016-11-22 02:25:18', 1),
(35, '1', '0', 'Accounts Receivable - Trade', 'docpro', 'docpro', '2016-11-22 02:25:53', 1),
(36, '1', '0', 'Accounts Receivable - Others', 'docpro', 'docpro', '2016-11-22 02:26:32', 1),
(37, '1', '0', 'Accounts Receivable - Employees', 'docpro', 'docpro', '2016-11-22 02:27:01', 1),
(38, '1', '0', 'Cash Advances', 'docpro', 'docpro', '2016-11-22 02:27:53', 1),
(39, '1', '0', 'Allowance for Doubtful Accounts', 'docpro', 'docpro', '2016-11-22 02:28:30', 1),
(40, '1', '0', 'Inventories', 'docpro', 'docpro', '2016-11-22 02:30:31', 1),
(41, '1', '0', 'Notes Receivable - Trade', 'docpro', 'docpro', '2016-11-22 02:31:07', 1),
(42, '1', '0', 'Accrued Income', 'docpro', 'docpro', '2016-11-22 02:33:45', 1),
(43, '1', '0', 'Merchandise Inventory', 'docpro', 'docpro', '2016-11-22 02:36:52', 1),
(44, '1', '0', 'Raw Materials Inventory', 'docpro', 'docpro', '2016-11-22 02:37:33', 1),
(45, '1', '0', 'Goods in Process Inventory', 'docpro', 'docpro', '2016-11-22 02:38:35', 1),
(46, '1', '0', 'Finished Goods Inventory', 'docpro', 'docpro', '2016-11-22 02:39:50', 1),
(47, '1', '0', 'Prepaid Expenses', 'docpro', 'docpro', '2016-11-22 02:41:23', 1),
(48, '1', '0', 'Prepaid Insurance', 'docpro', 'docpro', '2016-11-22 02:42:11', 1),
(49, '1', '0', 'Prepaid Rent', 'docpro', 'docpro', '2016-11-22 02:42:24', 1),
(50, '1', '0', 'Other Prepaid Expenses', 'docpro', 'docpro', '2016-11-22 02:42:46', 1),
(51, '1', '0', 'Other Current Assets', 'docpro', 'docpro', '2016-11-22 02:50:14', 1),
(52, '1', '0', 'Unused Supplies', 'docpro', 'docpro', '2016-11-22 02:50:41', 1),
(53, '1', '0', 'Excess of Input Tax Over Output Tax', 'docpro', 'docpro', '2016-11-22 02:51:09', 1),
(54, '1', '0', 'Property, Plant and Equipment', 'docpro', 'docpro', '2016-11-22 02:52:38', 1),
(55, '1', '0', 'Land', 'docpro', 'docpro', '2016-11-22 02:53:01', 1),
(56, '1', '0', 'Building', 'docpro', 'docpro', '2016-11-22 02:53:31', 1),
(57, '1', '0', 'Equipment', 'docpro', 'docpro', '2016-11-22 02:53:51', 1),
(58, '1', '0', 'Furniture and Fixtures', 'docpro', 'docpro', '2016-11-22 02:54:07', 1),
(59, '1', '0', 'Improvements', 'docpro', 'docpro', '2016-11-22 02:54:23', 1),
(60, '1', '0', 'Motor Vehicle', 'docpro', 'docpro', '2016-11-22 02:54:44', 1),
(61, '1', '0', 'Machineries', 'docpro', 'docpro', '2016-11-22 02:55:08', 1),
(62, '1', '0', 'Accumulated Depreciation', 'docpro', 'docpro', '2016-11-22 02:56:01', 1),
(63, '1', '0', 'Investment Property', 'docpro', 'docpro', '2016-11-22 02:59:57', 1),
(64, '1', '0', 'Investment Property - Land', 'docpro', 'docpro', '2016-11-22 03:00:21', 1),
(65, '1', '0', 'Investment Property - Building', 'docpro', 'docpro', '2016-11-22 03:28:14', 1),
(66, '1', '0', 'Accumulated Depreciation - Investment Property', 'docpro', 'docpro', '2016-11-22 03:50:44', 1),
(67, '1', '0', 'Accumulated Impairement Loss - Investement Property', 'docpro', 'docpro', '2016-11-22 03:51:31', 1),
(68, '1', '0', 'Long-term Investments', 'docpro', 'docpro', '2016-11-22 03:57:46', 1),
(69, '1', '0', 'Available For Sale Securities', 'docpro', 'docpro', '2016-11-22 03:58:40', 1),
(70, '1', '0', 'Held to Maturity Investments', 'docpro', 'docpro', '2016-11-22 03:59:41', 1),
(71, '1', '0', 'Investment in Associate', 'docpro', 'docpro', '2016-11-22 04:00:26', 1),
(72, '1', '0', 'Investment in Joint Venture', 'docpro', 'docpro', '2016-11-22 04:01:31', 1),
(73, '1', '0', 'Financial Asset at Fair Value Through OCI', 'docpro', 'docpro', '2016-11-22 04:02:36', 1),
(74, '1', '0', 'FInancial Asset at Amortized Cost', 'docpro', 'docpro', '2016-11-22 04:03:28', 1),
(75, '1', '0', 'Intangibles', 'docpro', 'docpro', '2016-11-22 04:06:35', 1),
(76, '1', '0', 'Lease Rights', 'docpro', 'docpro', '2016-11-22 04:07:01', 1),
(77, '1', '0', 'Franchise', 'docpro', 'docpro', '2016-11-22 04:09:15', 1),
(78, '1', '0', 'Copyright', 'docpro', 'docpro', '2016-11-22 04:09:44', 1),
(79, '1', '0', 'Trademark', 'docpro', 'docpro', '2016-11-22 04:10:13', 1),
(80, '1', '0', 'Patent', 'docpro', 'docpro', '2016-11-22 04:11:23', 1),
(81, '1', '0', 'Goodwill', 'docpro', 'docpro', '2016-11-22 04:12:28', 1),
(82, '1', '0', 'Accumulated Amortization', 'docpro', 'docpro', '2016-11-22 04:13:09', 1),
(83, '1', '0', 'Biological Assets', 'docpro', 'docpro', '2016-11-22 04:14:37', 1),
(84, '1', '0', 'Plan and Retirement Assets', 'docpro', 'docpro', '2016-11-22 04:15:29', 1),
(85, '1', '0', 'Deferred Tax Asset', 'docpro', 'docpro', '2016-11-22 04:16:30', 1),
(86, '1', '0', 'Deferred Tax Asset - Temporary Differences', 'docpro', 'docpro', '2016-11-22 04:56:45', 1),
(87, '1', '0', 'Deferred Tax Asset - Excess of MCIT over RCIT', 'docpro', 'docpro', '2016-11-22 05:18:53', 1),
(88, '1', '0', 'Deferred Tax Asset - NOLCO', 'docpro', 'docpro', '2016-11-22 05:19:34', 1),
(89, '1', '0', 'Other Non-current Assets', 'docpro', 'docpro', '2016-11-22 05:21:06', 1),
(90, '1', '0', 'Liabilities', 'docpro', 'docpro', '2016-11-22 05:25:40', 1),
(91, '1', '0', 'Current Liabilities', 'docpro', 'docpro', '2016-11-22 05:28:12', 1),
(92, '1', '0', 'Accounts Payable - Trade', 'docpro', 'docpro', '2016-11-22 05:30:08', 1),
(93, '1', '0', 'Trade Payables', 'docpro', 'docpro', '2016-11-22 05:32:40', 1),
(94, '1', '0', 'Accounts Payable - Trade', 'docpro', 'docpro', '2016-11-22 05:33:18', 1),
(95, '1', '0', 'Other Current Payables', 'docpro', 'docpro', '2016-11-22 05:34:07', 1),
(96, '1', '0', 'SSS PHIC HDMF Payable', 'docpro', 'docpro', '2016-11-22 05:35:14', 1),
(97, '1', '0', 'SSS Loans Payable', 'docpro', 'docpro', '2016-11-22 05:35:48', 1),
(98, '1', '0', 'PHIC Payable', 'docpro', 'docpro', '2016-11-22 05:36:09', 1),
(99, '1', '0', 'HDMF Payable', 'docpro', 'docpro', '2016-11-22 05:36:31', 1),
(100, '1', '0', 'HDMF Loans Payable', 'docpro', 'docpro', '2016-11-22 05:36:52', 1),
(101, '1', '0', 'Related Party Payables', 'docpro', 'docpro', '2016-11-22 05:48:58', 1),
(102, '1', '0', 'Provisions', 'docpro', 'docpro', '2016-11-22 05:49:22', 1),
(103, '1', '0', 'Loans Payable - Current Portion', 'docpro', 'docpro', '2016-11-22 05:49:58', 1),
(104, '1', '0', 'Notes Payable - Trade', 'docpro', 'docpro', '2016-11-22 05:50:49', 1),
(105, '1', '0', 'Loans Payable', 'docpro', 'docpro', '2016-11-22 05:52:02', 1),
(106, '1', '0', 'Pension Liabilities', 'docpro', 'docpro', '2016-11-22 05:52:51', 1),
(107, '1', '0', 'Other Non-current Liabilities', 'docpro', 'docpro', '2016-11-22 05:53:30', 1),
(108, '1', '0', 'Equity', 'docpro', 'docpro', '2016-11-22 05:54:11', 1),
(109, '1', '0', 'Owner''s Capital', 'docpro', 'docpro', '2016-11-22 05:55:30', 1),
(110, '1', '0', 'Additional Capital', 'docpro', 'docpro', '2016-11-22 05:56:04', 1),
(111, '1', '0', 'Drawings', 'docpro', 'docpro', '2016-11-22 05:56:23', 1),
(112, '1', '0', 'Profit or Loss', 'docpro', 'docpro', '2016-11-22 05:56:43', 1),
(113, '1', '0', 'Share Capital', 'docpro', 'docpro', '2016-11-22 05:59:04', 1),
(114, '1', '0', 'Ordinary Share Capital', 'docpro', 'docpro', '2016-11-22 05:59:26', 1),
(115, '1', '0', 'Preference Share Capital', 'docpro', 'docpro', '2016-11-22 05:59:45', 1),
(116, '1', '0', 'Additional Paid-up Capital', 'docpro', 'docpro', '2016-11-22 06:00:26', 1),
(117, '1', '0', 'Share Premium', 'docpro', 'docpro', '2016-11-22 06:00:46', 1),
(118, '1', '0', 'Treasury Shares', 'docpro', 'docpro', '2016-11-22 06:01:46', 1),
(119, '1', '0', 'Share Options Outstanding', 'docpro', 'docpro', '2016-11-22 06:02:04', 1),
(120, '1', '0', 'Share Warrants Outstanding', 'docpro', 'docpro', '2016-11-22 06:02:28', 1),
(121, '1', '0', 'Donated Capital', 'docpro', 'docpro', '2016-11-22 06:02:56', 1),
(122, '1', '0', 'Bond Conversion Privilege', 'docpro', 'docpro', '2016-11-22 06:03:33', 1),
(123, '1', '0', 'Retained Earnings', 'docpro', 'docpro', '2016-11-22 06:04:31', 1),
(124, '1', '0', 'Retained Earnings - Unappropriated', 'docpro', 'docpro', '2016-11-22 06:04:56', 1),
(125, '1', '0', 'Prior Period Adjustments', 'docpro', 'docpro', '2016-11-22 06:05:25', 1),
(126, '1', '0', 'Net Income or Loss', 'docpro', 'docpro', '2016-11-22 06:05:40', 1),
(127, '1', '0', 'Retained Earnings - Appropriated', 'docpro', 'docpro', '2016-11-22 06:06:00', 1),
(128, '1', '0', 'General Fund', 'docpro', 'docpro', '2016-11-22 06:07:05', 1),
(129, '1', '0', 'Special Fund', 'docpro', 'docpro', '2016-11-22 06:07:25', 1),
(130, '1', '0', 'Excess of Receipts over Disbursements', 'docpro', 'docpro', '2016-11-22 06:07:59', 1),
(131, '1', '0', 'Subscribed Share Capital', 'docpro', 'docpro', '2016-11-22 06:08:36', 1),
(132, '1', '0', 'Other Comprehensive Income', 'docpro', 'docpro', '2016-11-22 06:09:29', 1),
(133, '1', '0', 'Revaluation Surplus', 'docpro', 'docpro', '2016-11-22 06:10:00', 1),
(134, '1', '0', 'Translation Reserve', 'docpro', 'docpro', '2016-11-22 06:10:16', 1),
(135, '1', '0', 'Unrealized Holding Gain or Loss from FA at OCI', 'docpro', 'docpro', '2016-11-22 06:10:46', 1),
(136, '1', '0', 'Cash Flow Hedging Gain or Loss', 'docpro', 'docpro', '2016-11-22 06:11:09', 1),
(137, '1', '0', 'Actuarial Gain or Loss', 'docpro', 'docpro', '2016-11-22 06:11:29', 1),
(138, '1', '0', 'Revenue', 'docpro', 'docpro', '2016-11-22 06:12:43', 1),
(139, '1', '0', 'Cost', 'docpro', 'docpro', '2016-11-22 06:13:43', 1),
(140, '1', '0', 'Expenses', 'docpro', 'docpro', '2016-11-22 06:14:04', 1),
(141, '1', '0', 'Sales', 'docpro', 'docpro', '2016-11-24 06:23:52', 1),
(142, '1', '0', 'Sales Discount', 'docpro', 'docpro', '2016-11-24 06:24:18', 1),
(143, '1', '0', 'Interest on Bank Deposits', 'docpro', 'docpro', '2016-11-24 06:28:09', 1),
(144, '1', '0', 'Gain on Sale of Equipment', 'docpro', 'docpro', '2016-11-24 06:28:53', 1),
(145, '1', '0', 'Realized Gain or (Loss) on Sale of Securities', 'docpro', 'docpro', '2016-11-24 06:32:04', 1),
(146, '1', '0', 'Investment Income', 'docpro', 'docpro', '2016-11-24 06:32:30', 1),
(147, '1', '0', 'Miscellaneous Income', 'docpro', 'docpro', '2016-11-24 06:35:03', 1),
(148, '1', '0', 'Interest Income', 'docpro', 'docpro', '2016-11-24 06:47:30', 1),
(149, '1', '0', 'Realized Gain on Sale of Securities', 'docpro', 'docpro', '2016-11-24 06:47:46', 1),
(150, '1', '0', 'Unrealized Holding Gain or Loss from FA at P/L', 'docpro', 'docpro', '2016-11-24 06:51:04', 1),
(151, '1', '0', 'Dividend Income', 'docpro', 'docpro', '2016-11-24 06:51:21', 1),
(152, '1', '0', 'Subsidies', 'docpro', 'docpro', '2016-11-24 06:52:25', 1),
(153, '1', '0', 'Coastal', 'docpro', 'docpro', '2016-11-24 06:52:39', 1),
(154, '1', '0', 'Price Protection', 'docpro', 'docpro', '2016-11-24 06:52:57', 1),
(155, '1', '0', 'Promotions', 'docpro', 'docpro', '2016-11-24 06:53:16', 1),
(156, '1', '0', 'Guaranteed Income', 'docpro', 'docpro', '2016-11-24 06:53:33', 1),
(157, '1', '0', 'Other Support/Incentives', 'docpro', 'docpro', '2016-11-24 06:53:49', 1),
(158, '1', '0', 'Merchandise Inventory, Beginning', 'docpro', 'docpro', '2016-11-24 07:07:48', 1),
(159, '1', '0', 'Purchases', 'docpro', 'docpro', '2016-11-24 07:08:26', 1),
(160, '1', '0', 'Purchase Returns and Allowances', 'docpro', 'docpro', '2016-11-24 07:09:03', 1),
(161, '1', '0', 'Purchase Discount', 'docpro', 'docpro', '2016-11-24 07:10:17', 1),
(162, '1', '0', 'Allowance on Inventory Writedown', 'docpro', 'docpro', '2016-11-24 07:12:17', 1),
(163, '1', '0', 'Merchandise Inventory, End', 'docpro', 'docpro', '2016-11-24 07:12:54', 1),
(164, '1', '0', 'Salaries and Wages', 'docpro', 'docpro', '2016-11-24 08:06:56', 1),
(165, '1', '0', 'Salaries and Wages', 'docpro', 'docpro', '2016-11-24 08:07:17', 1),
(166, '1', '0', 'Benefits and Allowances', 'docpro', 'docpro', '2016-11-24 08:07:37', 1),
(167, '1', '0', '13th Month Pay', 'docpro', 'docpro', '2016-11-24 08:08:02', 1),
(168, '1', '0', 'Incentives and Bonuses', 'docpro', 'docpro', '2016-11-24 08:12:05', 1),
(169, '1', '0', 'SSS PHIC HDMF and Other Contributions', 'docpro', 'docpro', '2016-11-24 08:12:28', 1),
(170, '1', '0', 'SSS EC Contributions', 'docpro', 'docpro', '2016-11-24 08:15:46', 1),
(171, '1', '0', 'PHIC Contributions', 'docpro', 'docpro', '2016-11-24 08:15:58', 1),
(172, '1', '0', 'HDMF Contributions', 'docpro', 'docpro', '2016-11-24 08:16:10', 1),
(173, '1', '0', 'Other Contributions', 'docpro', 'docpro', '2016-11-24 08:16:22', 1),
(174, '1', '0', 'Materials, Supplies and Facilities', 'docpro', 'docpro', '2016-11-24 08:16:53', 1),
(175, '1', '0', 'Depreciation', 'docpro', 'docpro', '2016-11-24 08:17:21', 1),
(176, '1', '0', 'Rent Expense', 'docpro', 'docpro', '2016-11-24 08:17:33', 1),
(177, '1', '0', 'Raw Materials, Beginning', 'docpro', 'docpro', '2016-11-24 08:20:00', 1),
(178, '1', '0', 'Work in Process, Beginning', 'docpro', 'docpro', '2016-11-24 08:20:21', 1),
(179, '1', '0', 'Finished Goods, Beginning', 'docpro', 'docpro', '2016-11-24 08:20:46', 1),
(180, '1', '0', 'Purchases - Raw Materials', 'docpro', 'docpro', '2016-11-24 08:21:24', 1),
(181, '1', '0', 'Purchase Returns and Allowances', 'docpro', 'docpro', '2016-11-24 08:21:55', 1),
(182, '1', '0', 'Purchase Discount', 'docpro', 'docpro', '2016-11-24 08:23:37', 1),
(183, '1', '0', 'Direct Labor', 'docpro', 'docpro', '2016-11-24 08:23:51', 1),
(184, '1', '0', 'Factory Overhead', 'docpro', 'docpro', '2016-11-24 08:24:18', 1),
(185, '1', '0', 'Raw Materials, Ending', 'docpro', 'docpro', '2016-11-24 08:25:01', 1),
(186, '1', '0', 'Work in Process, Ending', 'docpro', 'docpro', '2016-11-24 08:25:48', 1),
(187, '1', '0', 'Finished Goods, Ending', 'docpro', 'docpro', '2016-11-24 08:26:08', 1),
(188, '1', '0', 'Advertising and Promotions', 'docpro', 'docpro', '2016-11-24 08:28:36', 1),
(189, '1', '0', 'Advertising', 'docpro', 'docpro', '2016-11-24 08:28:48', 1),
(190, '1', '0', 'Promotions', 'docpro', 'docpro', '2016-11-24 08:29:06', 1),
(191, '1', '0', 'Amortization', 'docpro', 'docpro', '2016-11-24 08:29:34', 1),
(192, '1', '0', 'Amortization - Lease rights', 'docpro', 'docpro', '2016-11-24 08:29:51', 1),
(193, '1', '0', 'Amortization - Franchise', 'docpro', 'docpro', '2016-11-24 08:31:01', 1),
(194, '1', '0', 'Amortization - Copyright', 'docpro', 'docpro', '2016-11-24 08:31:25', 1),
(195, '1', '0', 'Amortization - Software', 'docpro', 'docpro', '2016-11-24 08:31:44', 1),
(196, '1', '0', 'Amortization - Patent', 'docpro', 'docpro', '2016-11-24 08:31:57', 1),
(197, '1', '0', 'Bad Debt Expense', 'docpro', 'docpro', '2016-11-24 08:37:16', 1),
(198, '1', '0', 'Charitable Contributions', 'docpro', 'docpro', '2016-11-24 08:38:30', 1),
(199, '1', '0', 'Donations to Charitable Institutions', 'docpro', 'docpro', '2016-11-24 08:39:04', 1),
(200, '1', '0', 'Donations to NGO''s', 'docpro', 'docpro', '2016-11-24 08:39:20', 1),
(201, '1', '0', 'Commissions', 'docpro', 'docpro', '2016-11-24 08:39:35', 1),
(202, '1', '0', 'Communication, Light and Water', 'docpro', 'docpro', '2016-11-24 08:39:49', 1),
(203, '1', '0', 'Communications', 'docpro', 'docpro', '2016-11-24 08:40:08', 1),
(204, '1', '0', 'Light', 'docpro', 'docpro', '2016-11-24 08:40:24', 1),
(205, '1', '0', 'Water', 'docpro', 'docpro', '2016-11-24 08:40:51', 1),
(206, '1', '0', 'Depletion', 'docpro', 'docpro', '2016-11-24 08:41:17', 1),
(207, '1', '0', 'Depletion - Water Assets', 'docpro', 'docpro', '2016-11-24 08:41:37', 1),
(208, '1', '0', 'Depletion - Wasting Assets', 'docpro', 'docpro', '2016-11-24 08:41:52', 1),
(209, '1', '0', 'Depreciation', 'docpro', 'docpro', '2016-11-24 08:42:13', 1),
(210, '1', '0', 'Depreciation Expense - Building', 'docpro', 'docpro', '2016-11-24 08:45:48', 1),
(211, '1', '0', 'Depreciation Expense - Equipment', 'docpro', 'docpro', '2016-11-24 08:46:26', 1),
(212, '1', '0', 'Depreciation Expense - Furniture and Fixtures', 'docpro', 'docpro', '2016-11-24 08:46:51', 1),
(213, '1', '0', 'Depreciation Expense - Improvements', 'docpro', 'docpro', '2016-11-24 08:47:19', 1),
(214, '1', '0', 'Depreciation Expense - Motor Vehicle', 'docpro', 'docpro', '2016-11-24 08:47:55', 1),
(215, '1', '0', 'Director''s Fees', 'docpro', 'docpro', '2016-11-24 08:50:58', 1),
(216, '1', '0', 'Fringe Benefits', 'docpro', 'docpro', '2016-11-24 08:51:20', 1),
(217, '1', '0', 'Fuel and Oil', 'docpro', 'docpro', '2016-11-24 08:51:55', 1),
(218, '1', '0', 'Insurance', 'docpro', 'docpro', '2016-11-24 08:52:13', 1),
(219, '1', '0', 'Interest', 'docpro', 'docpro', '2016-11-24 08:53:00', 1),
(220, '1', '0', 'Interest on Loans', 'docpro', 'docpro', '2016-11-24 08:53:27', 1),
(221, '1', '0', 'Interest on Unpaid Taxes', 'docpro', 'docpro', '2016-11-24 08:53:46', 1),
(222, '1', '0', 'Interest on Loans', 'docpro', 'docpro', '2016-11-24 08:54:50', 1),
(223, '1', '0', 'Interest on Unpaid Taxes', 'docpro', 'docpro', '2016-11-24 08:55:12', 1),
(224, '1', '0', 'Janitorial and Messengerial Services', 'docpro', 'docpro', '2016-11-24 08:55:48', 1),
(225, '1', '0', 'Janitorial Services', 'docpro', 'docpro', '2016-11-24 08:56:59', 1),
(226, '1', '0', 'Messengerial Services', 'docpro', 'docpro', '2016-11-24 08:57:32', 1),
(227, '1', '0', 'Losses', 'docpro', 'docpro', '2016-11-24 08:58:16', 1),
(228, '1', '0', 'Investment Loss', 'docpro', 'docpro', '2016-11-24 08:58:57', 1),
(229, '1', '0', 'Foreign Exchange Loss', 'docpro', 'docpro', '2016-11-24 08:59:43', 1),
(230, '1', '0', 'Loss on Sale of Equipment', 'docpro', 'docpro', '2016-11-24 08:59:57', 1),
(231, '1', '0', 'Loss on Inventory Writedown', 'docpro', 'docpro', '2016-11-24 09:00:47', 1),
(232, '1', '0', 'Casualty Loss', 'docpro', 'docpro', '2016-11-24 09:01:09', 1),
(233, '1', '0', 'Management and Consultancy Fee', 'docpro', 'docpro', '2016-11-24 09:02:05', 1),
(234, '1', '0', 'Miscellaneous Expense', 'docpro', 'docpro', '2016-11-24 09:03:12', 1),
(235, '1', '0', 'Supplies', 'docpro', 'docpro', '2016-11-24 09:03:53', 1),
(236, '1', '0', 'Office Supplies', 'docpro', 'docpro', '2016-11-24 09:05:06', 1),
(237, '1', '0', 'Cleaning Supplies', 'docpro', 'docpro', '2016-11-24 09:05:22', 1),
(238, '1', '0', 'Store Supplies', 'docpro', 'docpro', '2016-11-24 09:05:50', 1),
(239, '1', '0', 'Other Services', 'docpro', 'docpro', '2016-11-24 09:06:07', 1),
(240, '1', '0', 'Professional Fees', 'docpro', 'docpro', '2016-11-24 09:06:35', 1),
(241, '1', '0', 'Legal Fees', 'docpro', 'docpro', '2016-11-24 09:07:12', 1),
(242, '1', '0', 'Audit Fees', 'docpro', 'docpro', '2016-11-24 09:07:52', 1),
(243, '1', '0', 'Other Professional Fees', 'docpro', 'docpro', '2016-11-24 09:08:12', 1),
(244, '1', '0', 'Rent Expense', 'docpro', 'docpro', '2016-11-24 09:08:53', 1),
(245, '1', '0', 'Rent Expense - Real Properties', 'docpro', 'docpro', '2016-11-24 09:09:20', 1),
(246, '1', '0', 'Rent Expense - Personal Properties', 'docpro', 'docpro', '2016-11-24 09:10:18', 1),
(247, '1', '0', 'Rent Expense - Billboard Ads', 'docpro', 'docpro', '2016-11-24 09:14:27', 1),
(248, '1', '0', 'Repairs and Maintenance - Labor', 'docpro', 'docpro', '2016-11-24 09:15:01', 1),
(249, '1', '0', 'Office Repairs & Maintenance - Labor', 'docpro', 'docpro', '2016-11-24 09:15:43', 1),
(250, '1', '0', 'Shop Repairs & Maintenance - Labor', 'docpro', 'docpro', '2016-11-24 09:15:59', 1),
(251, '1', '0', 'Vehicle Repairs & Maintenance - Labor', 'docpro', 'docpro', '2016-11-24 09:16:19', 1),
(252, '1', '0', 'Equipment Repairs & Maintenance - Labor', 'docpro', 'docpro', '2016-11-24 09:16:49', 1),
(253, '1', '0', 'Repairs and Maintenance - Materials', 'docpro', 'docpro', '2016-11-24 09:17:33', 1),
(254, '1', '0', 'Office Repairs & Maintenance - Materials', 'docpro', 'docpro', '2016-11-24 09:18:02', 1),
(255, '1', '0', 'Shop Repairs & Maintenance - Materials', 'docpro', 'docpro', '2016-11-24 09:18:22', 1),
(256, '1', '0', 'Vehicle Repairs & Maintenance - Materials', 'docpro', 'docpro', '2016-11-24 09:18:44', 1),
(257, '1', '0', 'Equipment Repairs & Maintenance - Materials', 'docpro', 'docpro', '2016-11-24 09:19:07', 1),
(258, '1', '0', 'Representation and Entertainment', 'docpro', 'docpro', '2016-11-24 09:19:32', 1),
(259, '1', '0', 'Research and Development', 'docpro', 'docpro', '2016-11-24 09:19:57', 1),
(260, '1', '0', 'Royalties', 'docpro', 'docpro', '2016-11-24 09:20:13', 1),
(261, '1', '0', 'Salaries and Allowances', 'docpro', 'docpro', '2016-11-24 09:20:31', 1),
(262, '1', '0', 'Salaries and Wages', 'docpro', 'docpro', '2016-11-24 09:20:55', 1),
(263, '1', '0', 'Benefits and Allowances', 'docpro', 'docpro', '2016-11-24 09:21:11', 1),
(264, '1', '0', '13th Month Pay', 'docpro', 'docpro', '2016-11-24 09:21:24', 1),
(265, '1', '0', 'Incentives and Bonuses', 'docpro', 'docpro', '2016-11-24 09:21:36', 1),
(266, '1', '0', 'De Minimis Benefits', 'docpro', 'docpro', '2016-11-24 09:21:53', 1),
(267, '1', '0', 'Security Services', 'docpro', 'docpro', '2016-11-24 09:22:22', 1),
(268, '1', '0', 'SSS, Philhealth, HDMF and Other Contributions', 'docpro', 'docpro', '2016-11-24 09:23:18', 1),
(269, '1', '0', 'SSS EC Contributions', 'docpro', 'docpro', '2016-11-24 09:23:43', 1),
(270, '1', '0', 'PHIC Contributions', 'docpro', 'docpro', '2016-11-24 09:23:56', 1),
(271, '1', '0', 'HDMF Contributions', 'docpro', 'docpro', '2016-11-24 09:24:09', 1),
(272, '1', '0', 'Other Contributions', 'docpro', 'docpro', '2016-11-24 09:24:21', 1),
(273, '1', '0', 'Taxes and Licenses', 'docpro', 'docpro', '2016-11-24 09:24:47', 1),
(274, '1', '0', 'Tolling Fees', 'docpro', 'docpro', '2016-11-24 09:26:13', 1),
(275, '1', '0', 'Trainings and Seminars', 'docpro', 'docpro', '2016-11-24 09:26:41', 1),
(276, '1', '0', 'Meetings Expense', 'docpro', 'docpro', '2016-11-24 09:27:15', 1),
(277, '1', '0', 'Transportation and Travel', 'docpro', 'docpro', '2016-11-24 09:27:53', 1),
(278, '1', '0', 'Parking Fees', 'docpro', 'docpro', '2016-11-24 09:28:47', 1),
(279, '1', '0', 'Other Expenses', 'docpro', 'docpro', '2016-11-24 09:29:24', 1),
(280, '1', '0', 'Illegal Acts', 'docpro', 'docpro', '2016-11-24 09:29:50', 1),
(281, '1', '0', 'Fines and Penalties', 'docpro', 'docpro', '2016-11-24 09:30:09', 1),
(282, '1', '0', 'Bank Charges', 'docpro', 'docpro', '2016-11-24 09:30:51', 1),
(283, '1', '0', 'Freight and Trucking Services', 'docpro', 'docpro', '2016-11-24 09:31:19', 1),
(284, '1', '0', 'Import Duties and Processing Fees', 'docpro', 'docpro', '2016-11-24 09:31:40', 1),
(285, '1', '0', 'Bad Debt Expense - Trade Receivables', 'docpro', 'docpro', '2016-11-24 09:34:41', 1),
(286, '1', '0', 'Bad Debt Expense - Non-trade Receivables', 'docpro', 'docpro', '2016-11-24 09:35:07', 1),
(287, '1', '0', 'VAT Payable', 'docpro', 'docpro', '2016-11-24 09:49:58', 1),
(288, '1', '0', 'Withholding Tax Payable', 'docpro', 'docpro', '2016-11-24 09:50:01', 1),
(289, '1', '0', 'Income Tax Payable', 'docpro', 'docpro', '2016-11-24 09:51:44', 1),
(290, '1', '0', 'Accrued Expenses', 'docpro', 'docpro', '2016-11-24 09:52:51', 1),
(291, '1', '0', 'Sales Returns and Allowances', 'docpro', 'docpro', '2016-11-25 01:23:18', 1),
(292, '1', '0', 'Rent Income', 'docpro', 'docpro', '2016-11-25 01:28:19', 1),
(293, '1', '0', 'Construction Income', 'docpro', 'docpro', '2016-11-25 01:28:40', 1),
(294, '1', '0', 'Freight-in', 'docpro', 'docpro', '2016-11-25 01:30:28', 1),
(295, '2', '1', 'Cash on Hand', 'docpro', 'docpro', '2016-11-25 02:23:33', 1);

-- --------------------------------------------------------

--
-- Table structure for table `coa_lvl_6`
--

CREATE TABLE IF NOT EXISTS `coa_lvl_6` (
  `lvl_6_id` int(11) NOT NULL,
  `lvl_6_seq` varchar(255) NOT NULL,
  `lvl_6_code` varchar(255) NOT NULL,
  `lvl_6_name` varchar(255) NOT NULL,
  `lvl_6_company` varchar(255) NOT NULL,
  `lvl_6_setup_company` varchar(255) NOT NULL,
  `lvl_6_validity_date` timestamp NOT NULL DEFAULT CURRENT_TIMESTAMP,
  `flag` int(11) NOT NULL DEFAULT '1'
) ENGINE=InnoDB AUTO_INCREMENT=295 DEFAULT CHARSET=latin1;

--
-- Dumping data for table `coa_lvl_6`
--

INSERT INTO `coa_lvl_6` (`lvl_6_id`, `lvl_6_seq`, `lvl_6_code`, `lvl_6_name`, `lvl_6_company`, `lvl_6_setup_company`, `lvl_6_validity_date`, `flag`) VALUES
(1, '1', '0', 'Assets', 'docpro', 'docpro', '2016-11-11 03:20:37', 1),
(2, '1', '0', 'Asset', 'docpro', 'docpro', '2016-11-11 03:21:26', 1),
(3, '1', '0', 'Cash and Cash Equivalents', 'docpro', 'docpro', '2016-11-11 03:24:56', 1),
(4, '1', '0', 'Petty Cash Fund', 'docpro', 'docpro', '2016-11-11 03:25:26', 1),
(5, '', '0', 'Asset', 'company', 'docpro', '2016-11-11 03:51:16', 1),
(6, '', '0', 'Cash and Cash Equivalents', 'company', 'docpro', '2016-11-11 03:51:16', 1),
(7, '', '0', 'Cash on Hand', 'company', 'docpro', '2016-11-11 03:51:16', 1),
(8, '', '0', 'Asset', 'company', 'docpro', '2016-11-11 04:14:29', 1),
(9, '', '0', 'Cash and Cash Equivalents', 'company', 'docpro', '2016-11-11 04:14:29', 1),
(10, '', '0', 'Cash on Hand', 'company', 'docpro', '2016-11-11 04:14:29', 1),
(11, '1', '0', 'Liabilities', 'docpro', 'docpro', '2016-11-17 04:26:00', 1),
(12, '1', '0', 'Asset', 'company', 'docpro', '2016-11-21 05:43:48', 1),
(13, '1', '0', 'Cash and Cash Equivalents', 'company', 'docpro', '2016-11-21 05:43:48', 1),
(14, '1', '0', 'Cash on Hand', 'company', 'docpro', '2016-11-21 05:43:48', 1),
(15, '1', '0', 'Asset', 'company', 'docpro', '2016-11-21 05:44:59', 1),
(16, '1', '0', 'Cash and Cash Equivalents', 'company', 'docpro', '2016-11-21 05:44:59', 1),
(17, '1', '0', 'Cash on Hand', 'company', 'docpro', '2016-11-21 05:44:59', 1),
(18, '1', '0', 'Asset', 'company', 'docpro', '2016-11-21 05:45:19', 1),
(19, '1', '0', 'Cash and Cash Equivalents', 'company', 'docpro', '2016-11-21 05:45:19', 1),
(20, '1', '0', 'Cash on Hand', 'company', 'docpro', '2016-11-21 05:45:19', 1),
(21, '1', '0', '1', 'company', 'company', '2016-11-21 06:11:27', 1),
(22, '1', '0', 'Cash on Hand', 'docpro', 'docpro', '2016-11-22 01:30:58', 1),
(23, '1', '0', 'Cash in Bank', 'docpro', 'docpro', '2016-11-22 01:32:00', 1),
(24, '1', '0', 'Treasury Bill - Three Months or Less', 'docpro', 'docpro', '2016-11-22 01:32:59', 1),
(25, '1', '0', 'Time Deposit - Three Months or Less', 'docpro', 'docpro', '2016-11-22 01:33:44', 1),
(26, '1', '0', 'Money Market Instruments - Three Months or Less', 'docpro', 'docpro', '2016-11-22 01:34:20', 1),
(27, '1', '0', 'Short-term Investments', 'docpro', 'docpro', '2016-11-22 01:40:54', 1),
(28, '1', '0', 'Time Deposit - More Than Three Months', 'docpro', 'docpro', '2016-11-22 02:16:32', 1),
(29, '1', '0', 'Money Market Instruments - More Than Three Months', 'docpro', 'docpro', '2016-11-22 02:17:29', 1),
(30, '1', '0', 'Trading Securities', 'docpro', 'docpro', '2016-11-22 02:21:12', 1),
(31, '1', '0', 'Held to Maturity Investments - Current', 'docpro', 'docpro', '2016-11-22 02:21:55', 1),
(32, '1', '0', 'Financial Asset at Fair Value Through Profit or Loss', 'docpro', 'docpro', '2016-11-22 02:22:38', 1),
(33, '1', '0', 'FInancial Asset at Amortized Cost - Current', 'docpro', 'docpro', '2016-11-22 02:23:27', 1),
(34, '1', '0', 'Trade and Other Receivables', 'docpro', 'docpro', '2016-11-22 02:25:18', 1),
(35, '1', '0', 'Accounts Receivable - Trade', 'docpro', 'docpro', '2016-11-22 02:25:53', 1),
(36, '1', '0', 'Accounts Receivable - Others', 'docpro', 'docpro', '2016-11-22 02:26:32', 1),
(37, '1', '0', 'Accounts Receivable - Employees', 'docpro', 'docpro', '2016-11-22 02:27:01', 1),
(38, '1', '0', 'Cash Advances', 'docpro', 'docpro', '2016-11-22 02:27:53', 1),
(39, '1', '0', 'Allowance for Doubtful Accounts', 'docpro', 'docpro', '2016-11-22 02:28:30', 1),
(40, '1', '0', 'Inventories', 'docpro', 'docpro', '2016-11-22 02:30:31', 1),
(41, '1', '0', 'Notes Receivable - Trade', 'docpro', 'docpro', '2016-11-22 02:31:07', 1),
(42, '1', '0', 'Accrued Income', 'docpro', 'docpro', '2016-11-22 02:33:45', 1),
(43, '1', '0', 'Merchandise Inventory', 'docpro', 'docpro', '2016-11-22 02:36:52', 1),
(44, '1', '0', 'Raw Materials Inventory', 'docpro', 'docpro', '2016-11-22 02:37:33', 1),
(45, '1', '0', 'Goods in Process Inventory', 'docpro', 'docpro', '2016-11-22 02:38:35', 1),
(46, '1', '0', 'Finished Goods Inventory', 'docpro', 'docpro', '2016-11-22 02:39:50', 1),
(47, '1', '0', 'Prepaid Expenses', 'docpro', 'docpro', '2016-11-22 02:41:23', 1),
(48, '1', '0', 'Prepaid Insurance', 'docpro', 'docpro', '2016-11-22 02:42:11', 1),
(49, '1', '0', 'Prepaid Rent', 'docpro', 'docpro', '2016-11-22 02:42:24', 1),
(50, '1', '0', 'Other Prepaid Expenses', 'docpro', 'docpro', '2016-11-22 02:42:46', 1),
(51, '1', '0', 'Other Current Assets', 'docpro', 'docpro', '2016-11-22 02:50:14', 1),
(52, '1', '0', 'Unused Supplies', 'docpro', 'docpro', '2016-11-22 02:50:41', 1),
(53, '1', '0', 'Excess of Input Tax Over Output Tax', 'docpro', 'docpro', '2016-11-22 02:51:09', 1),
(54, '1', '0', 'Property, Plant and Equipment', 'docpro', 'docpro', '2016-11-22 02:52:38', 1),
(55, '1', '0', 'Land', 'docpro', 'docpro', '2016-11-22 02:53:01', 1),
(56, '1', '0', 'Building', 'docpro', 'docpro', '2016-11-22 02:53:31', 1),
(57, '1', '0', 'Equipment', 'docpro', 'docpro', '2016-11-22 02:53:51', 1),
(58, '1', '0', 'Furniture and Fixtures', 'docpro', 'docpro', '2016-11-22 02:54:07', 1),
(59, '1', '0', 'Improvements', 'docpro', 'docpro', '2016-11-22 02:54:23', 1),
(60, '1', '0', 'Motor Vehicle', 'docpro', 'docpro', '2016-11-22 02:54:44', 1),
(61, '1', '0', 'Machineries', 'docpro', 'docpro', '2016-11-22 02:55:08', 1),
(62, '1', '0', 'Accumulated Depreciation', 'docpro', 'docpro', '2016-11-22 02:56:01', 1),
(63, '1', '0', 'Investment Property', 'docpro', 'docpro', '2016-11-22 02:59:57', 1),
(64, '1', '0', 'Investment Property - Land', 'docpro', 'docpro', '2016-11-22 03:00:21', 1),
(65, '1', '0', 'Investment Property - Building', 'docpro', 'docpro', '2016-11-22 03:28:14', 1),
(66, '1', '0', 'Accumulated Depreciation - Investment Property', 'docpro', 'docpro', '2016-11-22 03:50:44', 1),
(67, '1', '0', 'Accumulated Impairement Loss - Investement Property', 'docpro', 'docpro', '2016-11-22 03:51:31', 1),
(68, '1', '0', 'Long-term Investments', 'docpro', 'docpro', '2016-11-22 03:57:46', 1),
(69, '1', '0', 'Available For Sale Securities', 'docpro', 'docpro', '2016-11-22 03:58:40', 1),
(70, '1', '0', 'Held to Maturity Investments', 'docpro', 'docpro', '2016-11-22 03:59:41', 1),
(71, '1', '0', 'Investment in Associate', 'docpro', 'docpro', '2016-11-22 04:00:26', 1),
(72, '1', '0', 'Investment in Joint Venture', 'docpro', 'docpro', '2016-11-22 04:01:31', 1),
(73, '1', '0', 'Financial Asset at Fair Value Through OCI', 'docpro', 'docpro', '2016-11-22 04:02:36', 1),
(74, '1', '0', 'FInancial Asset at Amortized Cost', 'docpro', 'docpro', '2016-11-22 04:03:28', 1),
(75, '1', '0', 'Intangibles', 'docpro', 'docpro', '2016-11-22 04:06:35', 1),
(76, '1', '0', 'Lease Rights', 'docpro', 'docpro', '2016-11-22 04:07:01', 1),
(77, '1', '0', 'Franchise', 'docpro', 'docpro', '2016-11-22 04:09:15', 1),
(78, '1', '0', 'Copyright', 'docpro', 'docpro', '2016-11-22 04:09:44', 1),
(79, '1', '0', 'Trademark', 'docpro', 'docpro', '2016-11-22 04:10:13', 1),
(80, '1', '0', 'Patent', 'docpro', 'docpro', '2016-11-22 04:11:23', 1),
(81, '1', '0', 'Goodwill', 'docpro', 'docpro', '2016-11-22 04:12:28', 1),
(82, '1', '0', 'Accumulated Amortization', 'docpro', 'docpro', '2016-11-22 04:13:09', 1),
(83, '1', '0', 'Biological Assets', 'docpro', 'docpro', '2016-11-22 04:14:37', 1),
(84, '1', '0', 'Plan and Retirement Assets', 'docpro', 'docpro', '2016-11-22 04:15:29', 1),
(85, '1', '0', 'Deferred Tax Asset', 'docpro', 'docpro', '2016-11-22 04:16:30', 1),
(86, '1', '0', 'Deferred Tax Asset - Temporary Differences', 'docpro', 'docpro', '2016-11-22 04:56:45', 1),
(87, '1', '0', 'Deferred Tax Asset - Excess of MCIT over RCIT', 'docpro', 'docpro', '2016-11-22 05:18:53', 1),
(88, '1', '0', 'Deferred Tax Asset - NOLCO', 'docpro', 'docpro', '2016-11-22 05:19:34', 1),
(89, '1', '0', 'Other Non-current Assets', 'docpro', 'docpro', '2016-11-22 05:21:06', 1),
(90, '1', '0', 'Liabilities', 'docpro', 'docpro', '2016-11-22 05:25:40', 1),
(91, '1', '0', 'Current Liabilities', 'docpro', 'docpro', '2016-11-22 05:28:12', 1),
(92, '1', '0', 'Accounts Payable - Trade', 'docpro', 'docpro', '2016-11-22 05:30:08', 1),
(93, '1', '0', 'Trade Payables', 'docpro', 'docpro', '2016-11-22 05:32:40', 1),
(94, '1', '0', 'Accounts Payable - Trade', 'docpro', 'docpro', '2016-11-22 05:33:18', 1),
(95, '1', '0', 'Other Current Payables', 'docpro', 'docpro', '2016-11-22 05:34:07', 1),
(96, '1', '0', 'SSS PHIC HDMF Payable', 'docpro', 'docpro', '2016-11-22 05:35:14', 1),
(97, '1', '0', 'SSS Loans Payable', 'docpro', 'docpro', '2016-11-22 05:35:48', 1),
(98, '1', '0', 'PHIC Payable', 'docpro', 'docpro', '2016-11-22 05:36:09', 1),
(99, '1', '0', 'HDMF Payable', 'docpro', 'docpro', '2016-11-22 05:36:31', 1),
(100, '1', '0', 'HDMF Loans Payable', 'docpro', 'docpro', '2016-11-22 05:36:52', 1),
(101, '1', '0', 'Related Party Payables', 'docpro', 'docpro', '2016-11-22 05:48:58', 1),
(102, '1', '0', 'Provisions', 'docpro', 'docpro', '2016-11-22 05:49:22', 1),
(103, '1', '0', 'Loans Payable - Current Portion', 'docpro', 'docpro', '2016-11-22 05:49:58', 1),
(104, '1', '0', 'Notes Payable - Trade', 'docpro', 'docpro', '2016-11-22 05:50:49', 1),
(105, '1', '0', 'Loans Payable', 'docpro', 'docpro', '2016-11-22 05:52:02', 1),
(106, '1', '0', 'Pension Liabilities', 'docpro', 'docpro', '2016-11-22 05:52:51', 1),
(107, '1', '0', 'Other Non-current Liabilities', 'docpro', 'docpro', '2016-11-22 05:53:30', 1),
(108, '1', '0', 'Equity', 'docpro', 'docpro', '2016-11-22 05:54:11', 1),
(109, '1', '0', 'Owner''s Capital', 'docpro', 'docpro', '2016-11-22 05:55:30', 1),
(110, '1', '0', 'Additional Capital', 'docpro', 'docpro', '2016-11-22 05:56:04', 1),
(111, '1', '0', 'Drawings', 'docpro', 'docpro', '2016-11-22 05:56:23', 1),
(112, '1', '0', 'Profit or Loss', 'docpro', 'docpro', '2016-11-22 05:56:43', 1),
(113, '1', '0', 'Share Capital', 'docpro', 'docpro', '2016-11-22 05:59:04', 1),
(114, '1', '0', 'Ordinary Share Capital', 'docpro', 'docpro', '2016-11-22 05:59:26', 1),
(115, '1', '0', 'Preference Share Capital', 'docpro', 'docpro', '2016-11-22 05:59:45', 1),
(116, '1', '0', 'Additional Paid-up Capital', 'docpro', 'docpro', '2016-11-22 06:00:26', 1),
(117, '1', '0', 'Share Premium', 'docpro', 'docpro', '2016-11-22 06:00:46', 1),
(118, '1', '0', 'Treasury Shares', 'docpro', 'docpro', '2016-11-22 06:01:46', 1),
(119, '1', '0', 'Share Options Outstanding', 'docpro', 'docpro', '2016-11-22 06:02:04', 1),
(120, '1', '0', 'Share Warrants Outstanding', 'docpro', 'docpro', '2016-11-22 06:02:28', 1),
(121, '1', '0', 'Donated Capital', 'docpro', 'docpro', '2016-11-22 06:02:56', 1),
(122, '1', '0', 'Bond Conversion Privilege', 'docpro', 'docpro', '2016-11-22 06:03:33', 1),
(123, '1', '0', 'Retained Earnings', 'docpro', 'docpro', '2016-11-22 06:04:31', 1),
(124, '1', '0', 'Retained Earnings - Unappropriated', 'docpro', 'docpro', '2016-11-22 06:04:56', 1),
(125, '1', '0', 'Prior Period Adjustments', 'docpro', 'docpro', '2016-11-22 06:05:25', 1),
(126, '1', '0', 'Net Income or Loss', 'docpro', 'docpro', '2016-11-22 06:05:40', 1),
(127, '1', '0', 'Retained Earnings - Appropriated', 'docpro', 'docpro', '2016-11-22 06:06:00', 1),
(128, '1', '0', 'General Fund', 'docpro', 'docpro', '2016-11-22 06:07:05', 1),
(129, '1', '0', 'Special Fund', 'docpro', 'docpro', '2016-11-22 06:07:25', 1),
(130, '1', '0', 'Excess of Receipts over Disbursements', 'docpro', 'docpro', '2016-11-22 06:07:59', 1),
(131, '1', '0', 'Subscribed Share Capital', 'docpro', 'docpro', '2016-11-22 06:08:36', 1),
(132, '1', '0', 'Other Comprehensive Income', 'docpro', 'docpro', '2016-11-22 06:09:29', 1),
(133, '1', '0', 'Revaluation Surplus', 'docpro', 'docpro', '2016-11-22 06:10:00', 1),
(134, '1', '0', 'Translation Reserve', 'docpro', 'docpro', '2016-11-22 06:10:16', 1),
(135, '1', '0', 'Unrealized Holding Gain or Loss from FA at OCI', 'docpro', 'docpro', '2016-11-22 06:10:46', 1),
(136, '1', '0', 'Cash Flow Hedging Gain or Loss', 'docpro', 'docpro', '2016-11-22 06:11:09', 1),
(137, '1', '0', 'Actuarial Gain or Loss', 'docpro', 'docpro', '2016-11-22 06:11:29', 1),
(138, '1', '0', 'Revenue', 'docpro', 'docpro', '2016-11-22 06:12:43', 1),
(139, '1', '0', 'Cost', 'docpro', 'docpro', '2016-11-22 06:13:43', 1),
(140, '1', '0', 'Expenses', 'docpro', 'docpro', '2016-11-22 06:14:04', 1),
(141, '1', '0', 'Sales', 'docpro', 'docpro', '2016-11-24 06:23:52', 1),
(142, '1', '0', 'Sales Discount', 'docpro', 'docpro', '2016-11-24 06:24:18', 1),
(143, '1', '0', 'Interest on Bank Deposits', 'docpro', 'docpro', '2016-11-24 06:28:09', 1),
(144, '1', '0', 'Gain on Sale of Equipment', 'docpro', 'docpro', '2016-11-24 06:28:53', 1),
(145, '1', '0', 'Realized Gain or (Loss) on Sale of Securities', 'docpro', 'docpro', '2016-11-24 06:32:04', 1),
(146, '1', '0', 'Investment Income', 'docpro', 'docpro', '2016-11-24 06:32:30', 1),
(147, '1', '0', 'Miscellaneous Income', 'docpro', 'docpro', '2016-11-24 06:35:03', 1),
(148, '1', '0', 'Interest Income', 'docpro', 'docpro', '2016-11-24 06:47:30', 1),
(149, '1', '0', 'Realized Gain on Sale of Securities', 'docpro', 'docpro', '2016-11-24 06:47:46', 1),
(150, '1', '0', 'Unrealized Holding Gain or Loss from FA at P/L', 'docpro', 'docpro', '2016-11-24 06:51:04', 1),
(151, '1', '0', 'Dividend Income', 'docpro', 'docpro', '2016-11-24 06:51:21', 1),
(152, '1', '0', 'Subsidies', 'docpro', 'docpro', '2016-11-24 06:52:25', 1),
(153, '1', '0', 'Coastal', 'docpro', 'docpro', '2016-11-24 06:52:39', 1),
(154, '1', '0', 'Price Protection', 'docpro', 'docpro', '2016-11-24 06:52:57', 1),
(155, '1', '0', 'Promotions', 'docpro', 'docpro', '2016-11-24 06:53:16', 1),
(156, '1', '0', 'Guaranteed Income', 'docpro', 'docpro', '2016-11-24 06:53:33', 1),
(157, '1', '0', 'Other Support/Incentives', 'docpro', 'docpro', '2016-11-24 06:53:49', 1),
(158, '1', '0', 'Merchandise Inventory, Beginning', 'docpro', 'docpro', '2016-11-24 07:07:48', 1),
(159, '1', '0', 'Purchases', 'docpro', 'docpro', '2016-11-24 07:08:26', 1),
(160, '1', '0', 'Purchase Returns and Allowances', 'docpro', 'docpro', '2016-11-24 07:09:03', 1),
(161, '1', '0', 'Purchase Discount', 'docpro', 'docpro', '2016-11-24 07:10:17', 1),
(162, '1', '0', 'Allowance on Inventory Writedown', 'docpro', 'docpro', '2016-11-24 07:12:17', 1),
(163, '1', '0', 'Merchandise Inventory, End', 'docpro', 'docpro', '2016-11-24 07:12:54', 1),
(164, '1', '0', 'Salaries and Wages', 'docpro', 'docpro', '2016-11-24 08:06:56', 1),
(165, '1', '0', 'Salaries and Wages', 'docpro', 'docpro', '2016-11-24 08:07:17', 1),
(166, '1', '0', 'Benefits and Allowances', 'docpro', 'docpro', '2016-11-24 08:07:37', 1),
(167, '1', '0', '13th Month Pay', 'docpro', 'docpro', '2016-11-24 08:08:02', 1),
(168, '1', '0', 'Incentives and Bonuses', 'docpro', 'docpro', '2016-11-24 08:12:05', 1),
(169, '1', '0', 'SSS PHIC HDMF and Other Contributions', 'docpro', 'docpro', '2016-11-24 08:12:28', 1),
(170, '1', '0', 'SSS EC Contributions', 'docpro', 'docpro', '2016-11-24 08:15:46', 1),
(171, '1', '0', 'PHIC Contributions', 'docpro', 'docpro', '2016-11-24 08:15:58', 1),
(172, '1', '0', 'HDMF Contributions', 'docpro', 'docpro', '2016-11-24 08:16:10', 1),
(173, '1', '0', 'Other Contributions', 'docpro', 'docpro', '2016-11-24 08:16:22', 1),
(174, '1', '0', 'Materials, Supplies and Facilities', 'docpro', 'docpro', '2016-11-24 08:16:53', 1),
(175, '1', '0', 'Depreciation', 'docpro', 'docpro', '2016-11-24 08:17:21', 1),
(176, '1', '0', 'Rent Expense', 'docpro', 'docpro', '2016-11-24 08:17:33', 1),
(177, '1', '0', 'Raw Materials, Beginning', 'docpro', 'docpro', '2016-11-24 08:20:00', 1),
(178, '1', '0', 'Work in Process, Beginning', 'docpro', 'docpro', '2016-11-24 08:20:21', 1),
(179, '1', '0', 'Finished Goods, Beginning', 'docpro', 'docpro', '2016-11-24 08:20:46', 1),
(180, '1', '0', 'Purchases - Raw Materials', 'docpro', 'docpro', '2016-11-24 08:21:24', 1),
(181, '1', '0', 'Purchase Returns and Allowances', 'docpro', 'docpro', '2016-11-24 08:21:55', 1),
(182, '1', '0', 'Purchase Discount', 'docpro', 'docpro', '2016-11-24 08:23:37', 1),
(183, '1', '0', 'Direct Labor', 'docpro', 'docpro', '2016-11-24 08:23:51', 1),
(184, '1', '0', 'Factory Overhead', 'docpro', 'docpro', '2016-11-24 08:24:18', 1),
(185, '1', '0', 'Raw Materials, Ending', 'docpro', 'docpro', '2016-11-24 08:25:01', 1),
(186, '1', '0', 'Work in Process, Ending', 'docpro', 'docpro', '2016-11-24 08:25:48', 1),
(187, '1', '0', 'Finished Goods, Ending', 'docpro', 'docpro', '2016-11-24 08:26:08', 1),
(188, '1', '0', 'Advertising and Promotions', 'docpro', 'docpro', '2016-11-24 08:28:36', 1),
(189, '1', '0', 'Advertising', 'docpro', 'docpro', '2016-11-24 08:28:48', 1),
(190, '1', '0', 'Promotions', 'docpro', 'docpro', '2016-11-24 08:29:06', 1),
(191, '1', '0', 'Amortization', 'docpro', 'docpro', '2016-11-24 08:29:35', 1),
(192, '1', '0', 'Amortization - Lease rights', 'docpro', 'docpro', '2016-11-24 08:29:51', 1),
(193, '1', '0', 'Amortization - Franchise', 'docpro', 'docpro', '2016-11-24 08:31:01', 1),
(194, '1', '0', 'Amortization - Copyright', 'docpro', 'docpro', '2016-11-24 08:31:25', 1),
(195, '1', '0', 'Amortization - Software', 'docpro', 'docpro', '2016-11-24 08:31:44', 1),
(196, '1', '0', 'Amortization - Patent', 'docpro', 'docpro', '2016-11-24 08:31:57', 1),
(197, '1', '0', 'Bad Debt Expense', 'docpro', 'docpro', '2016-11-24 08:37:16', 1),
(198, '1', '0', 'Charitable Contributions', 'docpro', 'docpro', '2016-11-24 08:38:30', 1),
(199, '1', '0', 'Donations to Charitable Institutions', 'docpro', 'docpro', '2016-11-24 08:39:04', 1),
(200, '1', '0', 'Donations to NGO''s', 'docpro', 'docpro', '2016-11-24 08:39:20', 1),
(201, '1', '0', 'Commissions', 'docpro', 'docpro', '2016-11-24 08:39:35', 1),
(202, '1', '0', 'Communication, Light and Water', 'docpro', 'docpro', '2016-11-24 08:39:49', 1),
(203, '1', '0', 'Communications', 'docpro', 'docpro', '2016-11-24 08:40:08', 1),
(204, '1', '0', 'Light', 'docpro', 'docpro', '2016-11-24 08:40:24', 1),
(205, '1', '0', 'Water', 'docpro', 'docpro', '2016-11-24 08:40:51', 1),
(206, '1', '0', 'Depletion', 'docpro', 'docpro', '2016-11-24 08:41:17', 1),
(207, '1', '0', 'Depletion - Water Assets', 'docpro', 'docpro', '2016-11-24 08:41:37', 1),
(208, '1', '0', 'Depletion - Wasting Assets', 'docpro', 'docpro', '2016-11-24 08:41:52', 1),
(209, '1', '0', 'Depreciation', 'docpro', 'docpro', '2016-11-24 08:42:13', 1),
(210, '1', '0', 'Depreciation Expense - Building', 'docpro', 'docpro', '2016-11-24 08:45:48', 1),
(211, '1', '0', 'Depreciation Expense - Equipment', 'docpro', 'docpro', '2016-11-24 08:46:26', 1),
(212, '1', '0', 'Depreciation Expense - Furniture and Fixtures', 'docpro', 'docpro', '2016-11-24 08:46:51', 1),
(213, '1', '0', 'Depreciation Expense - Improvements', 'docpro', 'docpro', '2016-11-24 08:47:19', 1),
(214, '1', '0', 'Depreciation Expense - Motor Vehicle', 'docpro', 'docpro', '2016-11-24 08:47:55', 1),
(215, '1', '0', 'Director''s Fees', 'docpro', 'docpro', '2016-11-24 08:50:58', 1),
(216, '1', '0', 'Fringe Benefits', 'docpro', 'docpro', '2016-11-24 08:51:20', 1),
(217, '1', '0', 'Fuel and Oil', 'docpro', 'docpro', '2016-11-24 08:51:55', 1),
(218, '1', '0', 'Insurance', 'docpro', 'docpro', '2016-11-24 08:52:13', 1),
(219, '1', '0', 'Interest', 'docpro', 'docpro', '2016-11-24 08:53:00', 1),
(220, '1', '0', 'Interest on Loans', 'docpro', 'docpro', '2016-11-24 08:53:27', 1),
(221, '1', '0', 'Interest on Unpaid Taxes', 'docpro', 'docpro', '2016-11-24 08:53:46', 1),
(222, '1', '0', 'Interest on Loans', 'docpro', 'docpro', '2016-11-24 08:54:50', 1),
(223, '1', '0', 'Interest on Unpaid Taxes', 'docpro', 'docpro', '2016-11-24 08:55:12', 1),
(224, '1', '0', 'Janitorial and Messengerial Services', 'docpro', 'docpro', '2016-11-24 08:55:48', 1),
(225, '1', '0', 'Janitorial Services', 'docpro', 'docpro', '2016-11-24 08:56:59', 1),
(226, '1', '0', 'Messengerial Services', 'docpro', 'docpro', '2016-11-24 08:57:32', 1),
(227, '1', '0', 'Losses', 'docpro', 'docpro', '2016-11-24 08:58:16', 1),
(228, '1', '0', 'Investment Loss', 'docpro', 'docpro', '2016-11-24 08:58:57', 1),
(229, '1', '0', 'Foreign Exchange Loss', 'docpro', 'docpro', '2016-11-24 08:59:43', 1),
(230, '1', '0', 'Loss on Sale of Equipment', 'docpro', 'docpro', '2016-11-24 08:59:57', 1),
(231, '1', '0', 'Loss on Inventory Writedown', 'docpro', 'docpro', '2016-11-24 09:00:47', 1),
(232, '1', '0', 'Casualty Loss', 'docpro', 'docpro', '2016-11-24 09:01:09', 1),
(233, '1', '0', 'Management and Consultancy Fee', 'docpro', 'docpro', '2016-11-24 09:02:05', 1),
(234, '1', '0', 'Miscellaneous Expense', 'docpro', 'docpro', '2016-11-24 09:03:12', 1),
(235, '1', '0', 'Supplies', 'docpro', 'docpro', '2016-11-24 09:03:53', 1),
(236, '1', '0', 'Office Supplies', 'docpro', 'docpro', '2016-11-24 09:05:06', 1),
(237, '1', '0', 'Cleaning Supplies', 'docpro', 'docpro', '2016-11-24 09:05:22', 1),
(238, '1', '0', 'Store Supplies', 'docpro', 'docpro', '2016-11-24 09:05:50', 1),
(239, '1', '0', 'Other Services', 'docpro', 'docpro', '2016-11-24 09:06:07', 1),
(240, '1', '0', 'Professional Fees', 'docpro', 'docpro', '2016-11-24 09:06:35', 1),
(241, '1', '0', 'Legal Fees', 'docpro', 'docpro', '2016-11-24 09:07:12', 1),
(242, '1', '0', 'Audit Fees', 'docpro', 'docpro', '2016-11-24 09:07:52', 1),
(243, '1', '0', 'Other Professional Fees', 'docpro', 'docpro', '2016-11-24 09:08:12', 1),
(244, '1', '0', 'Rent Expense', 'docpro', 'docpro', '2016-11-24 09:08:53', 1),
(245, '1', '0', 'Rent Expense - Real Properties', 'docpro', 'docpro', '2016-11-24 09:09:20', 1),
(246, '1', '0', 'Rent Expense - Personal Properties', 'docpro', 'docpro', '2016-11-24 09:10:18', 1),
(247, '1', '0', 'Rent Expense - Billboard Ads', 'docpro', 'docpro', '2016-11-24 09:14:27', 1),
(248, '1', '0', 'Repairs and Maintenance - Labor', 'docpro', 'docpro', '2016-11-24 09:15:01', 1),
(249, '1', '0', 'Office Repairs & Maintenance - Labor', 'docpro', 'docpro', '2016-11-24 09:15:43', 1),
(250, '1', '0', 'Shop Repairs & Maintenance - Labor', 'docpro', 'docpro', '2016-11-24 09:15:59', 1),
(251, '1', '0', 'Vehicle Repairs & Maintenance - Labor', 'docpro', 'docpro', '2016-11-24 09:16:19', 1),
(252, '1', '0', 'Equipment Repairs & Maintenance - Labor', 'docpro', 'docpro', '2016-11-24 09:16:49', 1),
(253, '1', '0', 'Repairs and Maintenance - Materials', 'docpro', 'docpro', '2016-11-24 09:17:33', 1),
(254, '1', '0', 'Office Repairs & Maintenance - Materials', 'docpro', 'docpro', '2016-11-24 09:18:02', 1),
(255, '1', '0', 'Shop Repairs & Maintenance - Materials', 'docpro', 'docpro', '2016-11-24 09:18:22', 1),
(256, '1', '0', 'Vehicle Repairs & Maintenance - Materials', 'docpro', 'docpro', '2016-11-24 09:18:44', 1),
(257, '1', '0', 'Equipment Repairs & Maintenance - Materials', 'docpro', 'docpro', '2016-11-24 09:19:07', 1),
(258, '1', '0', 'Representation and Entertainment', 'docpro', 'docpro', '2016-11-24 09:19:32', 1),
(259, '1', '0', 'Research and Development', 'docpro', 'docpro', '2016-11-24 09:19:57', 1),
(260, '1', '0', 'Royalties', 'docpro', 'docpro', '2016-11-24 09:20:13', 1),
(261, '1', '0', 'Salaries and Allowances', 'docpro', 'docpro', '2016-11-24 09:20:31', 1),
(262, '1', '0', 'Salaries and Wages', 'docpro', 'docpro', '2016-11-24 09:20:55', 1),
(263, '1', '0', 'Benefits and Allowances', 'docpro', 'docpro', '2016-11-24 09:21:11', 1),
(264, '1', '0', '13th Month Pay', 'docpro', 'docpro', '2016-11-24 09:21:24', 1),
(265, '1', '0', 'Incentives and Bonuses', 'docpro', 'docpro', '2016-11-24 09:21:36', 1),
(266, '1', '0', 'De Minimis Benefits', 'docpro', 'docpro', '2016-11-24 09:21:53', 1),
(267, '1', '0', 'Security Services', 'docpro', 'docpro', '2016-11-24 09:22:22', 1),
(268, '1', '0', 'SSS, Philhealth, HDMF and Other Contributions', 'docpro', 'docpro', '2016-11-24 09:23:18', 1),
(269, '1', '0', 'SSS EC Contributions', 'docpro', 'docpro', '2016-11-24 09:23:43', 1),
(270, '1', '0', 'PHIC Contributions', 'docpro', 'docpro', '2016-11-24 09:23:56', 1),
(271, '1', '0', 'HDMF Contributions', 'docpro', 'docpro', '2016-11-24 09:24:09', 1),
(272, '1', '0', 'Other Contributions', 'docpro', 'docpro', '2016-11-24 09:24:21', 1),
(273, '1', '0', 'Taxes and Licenses', 'docpro', 'docpro', '2016-11-24 09:24:47', 1),
(274, '1', '0', 'Tolling Fees', 'docpro', 'docpro', '2016-11-24 09:26:13', 1),
(275, '1', '0', 'Trainings and Seminars', 'docpro', 'docpro', '2016-11-24 09:26:41', 1),
(276, '1', '0', 'Meetings Expense', 'docpro', 'docpro', '2016-11-24 09:27:15', 1),
(277, '1', '0', 'Transportation and Travel', 'docpro', 'docpro', '2016-11-24 09:27:53', 1),
(278, '1', '0', 'Parking Fees', 'docpro', 'docpro', '2016-11-24 09:28:47', 1),
(279, '1', '0', 'Other Expenses', 'docpro', 'docpro', '2016-11-24 09:29:24', 1),
(280, '1', '0', 'Illegal Acts', 'docpro', 'docpro', '2016-11-24 09:29:50', 1),
(281, '1', '0', 'Fines and Penalties', 'docpro', 'docpro', '2016-11-24 09:30:09', 1),
(282, '1', '0', 'Bank Charges', 'docpro', 'docpro', '2016-11-24 09:30:51', 1),
(283, '1', '0', 'Freight and Trucking Services', 'docpro', 'docpro', '2016-11-24 09:31:19', 1),
(284, '1', '0', 'Import Duties and Processing Fees', 'docpro', 'docpro', '2016-11-24 09:31:40', 1),
(285, '1', '0', 'Bad Debt Expense - Trade Receivables', 'docpro', 'docpro', '2016-11-24 09:34:41', 1),
(286, '1', '0', 'Bad Debt Expense - Non-trade Receivables', 'docpro', 'docpro', '2016-11-24 09:35:07', 1),
(287, '1', '0', 'VAT Payable', 'docpro', 'docpro', '2016-11-24 09:49:58', 1),
(288, '1', '0', 'Withholding Tax Payable', 'docpro', 'docpro', '2016-11-24 09:50:01', 1),
(289, '1', '0', 'Income Tax Payable', 'docpro', 'docpro', '2016-11-24 09:51:44', 1),
(290, '1', '0', 'Accrued Expenses', 'docpro', 'docpro', '2016-11-24 09:52:51', 1),
(291, '1', '0', 'Sales Returns and Allowances', 'docpro', 'docpro', '2016-11-25 01:23:18', 1),
(292, '1', '0', 'Rent Income', 'docpro', 'docpro', '2016-11-25 01:28:19', 1),
(293, '1', '0', 'Construction Income', 'docpro', 'docpro', '2016-11-25 01:28:40', 1),
(294, '1', '0', 'Freight-in', 'docpro', 'docpro', '2016-11-25 01:30:28', 1);

-- --------------------------------------------------------

--
-- Table structure for table `company_branches`
--

CREATE TABLE IF NOT EXISTS `company_branches` (
  `cb_id` int(11) NOT NULL,
  `cb_code` varchar(255) NOT NULL,
  `cb_name` varchar(255) NOT NULL,
  `cb_ind_name` varchar(255) NOT NULL,
  `name` varchar(255) NOT NULL,
  `cb_trade_name` varchar(255) NOT NULL,
  `cb_address` varchar(255) NOT NULL,
  `cb_tin` varchar(255) NOT NULL,
  `cb_class` varchar(255) NOT NULL,
  `cb_bp_type` varchar(255) NOT NULL,
  `cb_tax_type` varchar(255) NOT NULL,
  `cb_seq` varchar(255) NOT NULL,
  `cb_cno` varchar(255) NOT NULL,
  `cb_email` varchar(255) NOT NULL,
  `cb_validity_date` timestamp NOT NULL DEFAULT CURRENT_TIMESTAMP,
  `flag` int(11) NOT NULL DEFAULT '1'
) ENGINE=InnoDB AUTO_INCREMENT=24 DEFAULT CHARSET=latin1;

--
-- Dumping data for table `company_branches`
--

INSERT INTO `company_branches` (`cb_id`, `cb_code`, `cb_name`, `cb_ind_name`, `name`, `cb_trade_name`, `cb_address`, `cb_tin`, `cb_class`, `cb_bp_type`, `cb_tax_type`, `cb_seq`, `cb_cno`, `cb_email`, `cb_validity_date`, `flag`) VALUES
(1, '', 'DocPro Business Solutions', 'DocPro Business Solutions', 'DocPro Business Solutions', 'DocPro Business Solutions', '#404 GP Arcade Building, Baguio City', '', 'Company', 'Company', '', '', '', '', '2016-11-10 15:16:42', 1),
(2, '1111', '', 'Tan, Joselito O.', 'Tan, Joselito O.', 'Jomarcann General Construction', 'Baguio City', '', 'company', 'Individual', '', '000001', '', 'lbcadingla@gmail.com', '2016-11-11 03:51:16', 1),
(3, '1121', '', 'Cann, Jomae C.', 'Cann, Jomae C.', 'Jomar Cann', 'Baguio City', '', 'company', 'Individual', '', '000002', '', 'excellentachiever01@gmail.com', '2016-11-11 04:14:29', 1),
(4, '1132', 'CompanyOne', '', 'CompanyOne', 'CompanyOne', 'Baguio City', '', 'company', 'Non-Individual', '', '000003', '1234567890', 'derreck_123@yahoo.com', '2016-11-21 05:43:47', 1),
(5, '1142', 'CompanyOne', 'Last,First M.', 'CompanyOne', 'CompanyOne', 'Baguio City', '', 'company', 'Non-Individual', '', '000004', '1234567890', 'derreck_123@yahoo.com', '2016-11-21 05:44:59', 1),
(6, '1152', 'CompanyOne', 'Last,First M.', 'CompanyOne', 'CompanyOne', 'Baguio City', '', 'company', 'Non-Individual', '', '000005', '1234567890', 'derreck_123@yahoo.com', '2016-11-21 05:45:19', 1),
(7, '1112', 'BranchOne', '', 'BranchOne', 'BranchOne', 'qwe', '123-123-456-789-1234', 'branch', 'Non-Individual', 'Non-Vat', '000005', '1234567890', 'd@yahoo.com', '2016-11-21 06:05:14', 0),
(8, '1122', 'BranchOne', '', 'BranchOne', 'BranchOne', 'qwe', '123-123-456-789-1234', 'branch', 'Non-Individual', 'Non-Vat', '000005', '1234567890', 'd@yahoo.com', '2016-11-21 06:05:16', 0),
(9, '1132', 'BranchOne', '', 'BranchOne', 'BranchOne', 'qwe', '123-123-456-789-1234', 'branch', 'Non-Individual', 'Non-Vat', '000005', '1234567890', 'd@yahoo.com', '2016-11-21 06:05:16', 0),
(10, '1142', '1321231231', '', '1321231231', '1321231231', '12313131', '12312312412', 'branch', 'Non-Individual', 'Vat', '000005', '12315125141', '1231221312312', '2016-11-21 06:06:23', 0),
(11, '1152', '213123173897821321', '', '213123173897821321', '213123173897821321', '128937183719827317', '1237129837123792187389', 'branch', 'Non-Individual', 'Vat', '000005', '1237219372193789217', '123123213213', '2016-11-21 06:06:51', 1),
(12, '1162', '123139218309128309', '', '123139218309128309', '123139218309128309', '12361287321312300091238', '8912371893712873981', 'branch', 'Non-Individual', 'Vat', '000005', '128937193781238217', '21381387129371239812', '2016-11-21 06:07:42', 0),
(13, '1172', 'wefrgregg', '', 'wefrgregg', 'wefrgregg', 'dcsdvdsf', '435435', 'branch', 'Non-Individual', 'Vat', '000005', 'sdsdfsfddffds', 'sdfsdff', '2016-11-21 06:08:05', 0),
(14, '1182', 'wefrgregg', '', 'wefrgregg', 'wefrgregg', 'dcsdvdsf', '435435', 'branch', 'Non-Individual', 'Vat', '000005', 'sdsdfsfddffds', 'sdfsdff', '2016-11-21 06:08:06', 1),
(15, '1192', 'wefrgregg', '', 'wefrgregg', 'wefrgregg', 'dcsdvdsf', '435435', 'branch', 'Non-Individual', 'Vat', '000005', 'sdsdfsfddffds', 'sdfsdff', '2016-11-21 06:08:06', 0),
(16, '11102', 'wefrgregg', '', 'wefrgregg', 'wefrgregg', 'dcsdvdsf', '435435', 'branch', 'Non-Individual', 'Vat', '000005', 'sdsdfsfddffds', 'sdfsdff', '2016-11-21 06:08:06', 0),
(17, '11112', 'wefrgregg', '', 'wefrgregg', 'wefrgregg', 'dcsdvdsf', '435435', 'branch', 'Non-Individual', 'Vat', '000005', 'sdsdfsfddffds', 'sdfsdff', '2016-11-21 06:08:06', 0),
(18, '11122', 'wefrgregg', '', 'wefrgregg', 'wefrgregg', 'dcsdvdsf', '435435', 'branch', 'Non-Individual', 'Vat', '000005', 'sdsdfsfddffds', 'sdfsdff', '2016-11-21 06:08:06', 0),
(19, '11132', 'wefrgregg', '', 'wefrgregg', 'wefrgregg', 'dcsdvdsf', '435435', 'branch', 'Non-Individual', 'Vat', '000005', 'sdsdfsfddffds', 'sdfsdff', '2016-11-21 06:08:06', 1),
(20, '11142', 'wefrgregg', '', 'wefrgregg', 'wefrgregg', 'dcsdvdsf', '435435', 'branch', 'Non-Individual', 'Vat', '000005', 'sdsdfsfddffds', 'sdfsdff', '2016-11-21 06:08:06', 1),
(21, '11152', 'wefrgregg', '', 'wefrgregg', 'wefrgregg', 'dcsdvdsf', '435435', 'branch', 'Non-Individual', 'Vat', '000005', 'sdsdfsfddffds', 'sdfsdff', '2016-11-21 06:08:07', 1),
(22, '11162', 'Branch TWO', '', 'Branch TWO', '', '13123123', '12313131313', 'branch', 'Non-Individual', 'Vat', '000005', '123131313', '1238124193', '2016-11-21 06:17:54', 1),
(23, '11172', 'THREE', '', 'THREE', '', '23131313', '120381290381203', 'branch', 'Non-Individual', 'Non-Vat', '000005', '1029382183018389', '1231312312312', '2016-11-21 06:18:32', 1);

-- --------------------------------------------------------

--
-- Table structure for table `company_history`
--

CREATE TABLE IF NOT EXISTS `company_history` (
  `ch_id` int(11) NOT NULL,
  `ch_cb_id` varchar(255) NOT NULL,
  `ch_cb_code` varchar(255) NOT NULL,
  `ch_cb_name` varchar(255) NOT NULL,
  `ch_cb_trade_name` varchar(255) NOT NULL,
  `ch_cb_ind_name` varchar(255) NOT NULL,
  `ch_name` varchar(255) NOT NULL,
  `ch_cb_address` varchar(255) NOT NULL,
  `ch_cb_tin` varchar(255) NOT NULL,
  `ch_cb_class` varchar(255) NOT NULL,
  `ch_cb_bp_type` varchar(255) NOT NULL,
  `ch_cb_tax_type` varchar(255) NOT NULL,
  `ch_cb_seq` varchar(255) NOT NULL,
  `ch_cb_cno` varchar(255) NOT NULL,
  `ch_cb_email` varchar(255) NOT NULL,
  `ch_start_date` timestamp NOT NULL DEFAULT CURRENT_TIMESTAMP,
  `ch_end_date` timestamp NOT NULL DEFAULT '0000-00-00 00:00:00',
  `flag` int(11) NOT NULL DEFAULT '1'
) ENGINE=InnoDB AUTO_INCREMENT=24 DEFAULT CHARSET=latin1;

--
-- Dumping data for table `company_history`
--

INSERT INTO `company_history` (`ch_id`, `ch_cb_id`, `ch_cb_code`, `ch_cb_name`, `ch_cb_trade_name`, `ch_cb_ind_name`, `ch_name`, `ch_cb_address`, `ch_cb_tin`, `ch_cb_class`, `ch_cb_bp_type`, `ch_cb_tax_type`, `ch_cb_seq`, `ch_cb_cno`, `ch_cb_email`, `ch_start_date`, `ch_end_date`, `flag`) VALUES
(1, '1', '', 'DocPro Business Solutions', 'DocPro Business Solutions', 'DocPro Business Solutions', 'DocPro Business Solutions', '#404 GP Arcade Building, Baguio City', '', 'Company', 'Company', '', '', '', '', '2016-11-10 15:19:18', '0000-00-00 00:00:00', 1),
(2, '2', '1111', '', 'Jomarcann General Construction', 'Tan, Joselito O.', 'Tan, Joselito O.', 'Baguio City', '', 'company', 'Individual', '', '000001', '', 'lbcadingla@gmail.com', '2016-11-11 03:51:16', '0000-00-00 00:00:00', 1),
(3, '3', '1121', '', 'Jomar Cann', 'Cann, Jomae C.', 'Cann, Jomae C.', 'Baguio City', '', 'company', 'Individual', '', '000002', '', 'excellentachiever01@gmail.com', '2016-11-11 04:14:29', '0000-00-00 00:00:00', 1),
(4, '4', '1132', 'CompanyOne', 'CompanyOne', '', 'CompanyOne', 'Baguio City', '', 'company', 'Non-Individual', '', '000003', '1234567890', 'derreck_123@yahoo.com', '2016-11-21 05:43:47', '0000-00-00 00:00:00', 1),
(5, '5', '1142', 'CompanyOne', 'CompanyOne', 'Last,First M.', 'CompanyOne', 'Baguio City', '', 'company', 'Non-Individual', '', '000004', '1234567890', 'derreck_123@yahoo.com', '2016-11-21 05:44:59', '0000-00-00 00:00:00', 1),
(6, '6', '1152', 'CompanyOne', 'CompanyOne', 'Last,First M.', 'CompanyOne', 'Baguio City', '123-123-123-123-1234', 'company', 'Non-Individual', 'not-vat', '000005', '1234567890', 'derreck_123@yahoo.com', '2016-11-21 05:45:19', '0000-00-00 00:00:00', 1),
(7, '7', '1112', 'BranchOne', 'BranchOne', '', 'BranchOne', 'qwe', '123-123-456-789-1234', 'branch', 'Non-Individual', 'Non-Vat', '000005', '1234567890', 'd@yahoo.com', '2016-11-21 06:05:14', '0000-00-00 00:00:00', 1),
(8, '8', '1122', 'BranchOne', 'BranchOne', '', 'BranchOne', 'qwe', '123-123-456-789-1234', 'branch', 'Non-Individual', 'Non-Vat', '000005', '1234567890', 'd@yahoo.com', '2016-11-21 06:05:16', '0000-00-00 00:00:00', 1),
(9, '9', '1132', 'BranchOne', 'BranchOne', '', 'BranchOne', 'qwe', '123-123-456-789-1234', 'branch', 'Non-Individual', 'Non-Vat', '000005', '1234567890', 'd@yahoo.com', '2016-11-21 06:05:16', '0000-00-00 00:00:00', 1),
(10, '10', '1142', '1321231231', '1321231231', '', '1321231231', '12313131', '12312312412', 'branch', 'Non-Individual', 'Vat', '000005', '12315125141', '1231221312312', '2016-11-21 06:06:23', '0000-00-00 00:00:00', 1),
(11, '11', '1152', '213123173897821321', '213123173897821321', '', '213123173897821321', '128937183719827317', '1237129837123792187389', 'branch', 'Non-Individual', 'Vat', '000005', '1237219372193789217', '123123213213', '2016-11-21 06:06:51', '0000-00-00 00:00:00', 1),
(12, '12', '1162', '123139218309128309', '123139218309128309', '', '123139218309128309', '12361287321312300091238', '8912371893712873981', 'branch', 'Non-Individual', 'Vat', '000005', '128937193781238217', '21381387129371239812', '2016-11-21 06:07:42', '0000-00-00 00:00:00', 1),
(13, '13', '1172', 'wefrgregg', 'wefrgregg', '', 'wefrgregg', 'dcsdvdsf', '435435', 'branch', 'Non-Individual', 'Vat', '000005', 'sdsdfsfddffds', 'sdfsdff', '2016-11-21 06:08:05', '0000-00-00 00:00:00', 1),
(14, '14', '1182', 'wefrgregg', 'wefrgregg', '', 'wefrgregg', 'dcsdvdsf', '435435', 'branch', 'Non-Individual', 'Vat', '000005', 'sdsdfsfddffds', 'sdfsdff', '2016-11-21 06:08:06', '0000-00-00 00:00:00', 1),
(15, '15', '1192', 'wefrgregg', 'wefrgregg', '', 'wefrgregg', 'dcsdvdsf', '435435', 'branch', 'Non-Individual', 'Vat', '000005', 'sdsdfsfddffds', 'sdfsdff', '2016-11-21 06:08:06', '0000-00-00 00:00:00', 1),
(16, '16', '11102', 'wefrgregg', 'wefrgregg', '', 'wefrgregg', 'dcsdvdsf', '435435', 'branch', 'Non-Individual', 'Vat', '000005', 'sdsdfsfddffds', 'sdfsdff', '2016-11-21 06:08:06', '0000-00-00 00:00:00', 1),
(17, '17', '11112', 'wefrgregg', 'wefrgregg', '', 'wefrgregg', 'dcsdvdsf', '435435', 'branch', 'Non-Individual', 'Vat', '000005', 'sdsdfsfddffds', 'sdfsdff', '2016-11-21 06:08:06', '0000-00-00 00:00:00', 1),
(18, '18', '11122', 'wefrgregg', 'wefrgregg', '', 'wefrgregg', 'dcsdvdsf', '435435', 'branch', 'Non-Individual', 'Vat', '000005', 'sdsdfsfddffds', 'sdfsdff', '2016-11-21 06:08:06', '0000-00-00 00:00:00', 1),
(19, '19', '11132', 'wefrgregg', 'wefrgregg', '', 'wefrgregg', 'dcsdvdsf', '435435', 'branch', 'Non-Individual', 'Vat', '000005', 'sdsdfsfddffds', 'sdfsdff', '2016-11-21 06:08:06', '0000-00-00 00:00:00', 1),
(20, '20', '11142', 'wefrgregg', 'wefrgregg', '', 'wefrgregg', 'dcsdvdsf', '435435', 'branch', 'Non-Individual', 'Vat', '000005', 'sdsdfsfddffds', 'sdfsdff', '2016-11-21 06:08:06', '0000-00-00 00:00:00', 1),
(21, '21', '11152', 'wefrgregg', 'wefrgregg', '', 'wefrgregg', 'dcsdvdsf', '435435', 'branch', 'Non-Individual', 'Vat', '000005', 'sdsdfsfddffds', 'sdfsdff', '2016-11-21 06:08:07', '0000-00-00 00:00:00', 1),
(22, '22', '11162', 'Branch TWO', '', '', 'Branch TWO', '13123123', '12313131313', 'branch', 'Non-Individual', 'Vat', '000005', '123131313', '1238124193', '2016-11-21 06:17:54', '0000-00-00 00:00:00', 1),
(23, '23', '11172', 'THREE', '', '', 'THREE', '23131313', '120381290381203', 'branch', 'Non-Individual', 'Non-Vat', '000005', '1029382183018389', '1231312312312', '2016-11-21 06:18:32', '0000-00-00 00:00:00', 1);

-- --------------------------------------------------------

--
-- Table structure for table `co_banks`
--

CREATE TABLE IF NOT EXISTS `co_banks` (
  `co_b_id` int(11) NOT NULL,
  `b_id` int(11) NOT NULL,
  `co_b_no` varchar(255) NOT NULL,
  `co_b_class` varchar(255) NOT NULL,
  `cb_id` int(11) NOT NULL,
  `co_b_validity_date` timestamp NOT NULL DEFAULT CURRENT_TIMESTAMP,
  `flag` int(11) NOT NULL DEFAULT '1'
) ENGINE=InnoDB AUTO_INCREMENT=2 DEFAULT CHARSET=latin1;

--
-- Dumping data for table `co_banks`
--

INSERT INTO `co_banks` (`co_b_id`, `b_id`, `co_b_no`, `co_b_class`, `cb_id`, `co_b_validity_date`, `flag`) VALUES
(1, 1, '1031-381319', '1231312313', 6, '2016-11-21 06:47:54', 1);

-- --------------------------------------------------------

--
-- Table structure for table `co_bp_class`
--

CREATE TABLE IF NOT EXISTS `co_bp_class` (
  `cobpc_id` int(11) NOT NULL,
  `bpc_id` int(11) NOT NULL,
  `cb_id` int(11) NOT NULL,
  `cobpc_validity_date` timestamp NOT NULL DEFAULT CURRENT_TIMESTAMP,
  `flag` int(11) NOT NULL DEFAULT '1'
) ENGINE=InnoDB AUTO_INCREMENT=31 DEFAULT CHARSET=latin1;

--
-- Dumping data for table `co_bp_class`
--

INSERT INTO `co_bp_class` (`cobpc_id`, `bpc_id`, `cb_id`, `cobpc_validity_date`, `flag`) VALUES
(1, 11, 4, '2016-11-21 05:43:48', 1),
(2, 12, 4, '2016-11-21 05:43:48', 1),
(3, 13, 4, '2016-11-21 05:43:48', 1),
(4, 14, 4, '2016-11-21 05:43:48', 1),
(5, 15, 4, '2016-11-21 05:43:48', 1),
(6, 16, 4, '2016-11-21 05:43:48', 1),
(7, 17, 4, '2016-11-21 05:43:48', 1),
(8, 18, 4, '2016-11-21 05:43:48', 1),
(9, 19, 4, '2016-11-21 05:43:48', 1),
(10, 20, 4, '2016-11-21 05:43:48', 1),
(11, 21, 5, '2016-11-21 05:44:59', 1),
(12, 22, 5, '2016-11-21 05:44:59', 1),
(13, 23, 5, '2016-11-21 05:44:59', 1),
(14, 24, 5, '2016-11-21 05:44:59', 1),
(15, 25, 5, '2016-11-21 05:44:59', 1),
(16, 26, 5, '2016-11-21 05:44:59', 1),
(17, 27, 5, '2016-11-21 05:44:59', 1),
(18, 28, 5, '2016-11-21 05:44:59', 1),
(19, 29, 5, '2016-11-21 05:44:59', 1),
(20, 30, 5, '2016-11-21 05:44:59', 1),
(21, 31, 6, '2016-11-21 05:45:19', 1),
(22, 32, 6, '2016-11-21 05:45:19', 1),
(23, 33, 6, '2016-11-21 05:45:19', 1),
(24, 34, 6, '2016-11-21 05:45:19', 1),
(25, 35, 6, '2016-11-21 05:45:19', 1),
(26, 36, 6, '2016-11-21 05:45:19', 1),
(27, 37, 6, '2016-11-21 05:45:19', 1),
(28, 38, 6, '2016-11-21 05:45:19', 1),
(29, 39, 6, '2016-11-21 05:45:19', 1),
(30, 40, 6, '2016-11-21 05:45:19', 1);

-- --------------------------------------------------------

--
-- Table structure for table `co_business_partners`
--

CREATE TABLE IF NOT EXISTS `co_business_partners` (
  `co_bp_id` int(11) NOT NULL,
  `co_bp_seq` varchar(255) NOT NULL,
  `co_bp_code` varchar(255) NOT NULL,
  `co_bp_name` varchar(255) NOT NULL,
  `co_bp_ind_name` varchar(255) NOT NULL,
  `bp_name` varchar(255) NOT NULL,
  `co_bp_shortname` varchar(255) NOT NULL,
  `co_bp_bus_style` varchar(255) NOT NULL,
  `co_bp_address` varchar(255) NOT NULL,
  `co_bp_tin` varchar(255) NOT NULL,
  `co_bp_particulars` varchar(255) NOT NULL,
  `bpc_id` int(11) NOT NULL,
  `bpt_id` int(11) NOT NULL,
  `co_t_id1` int(11) NOT NULL,
  `co_t_id2` int(11) NOT NULL,
  `co_t_id3` int(11) NOT NULL,
  `cb_id` int(11) NOT NULL,
  `co_bp_validity_date` timestamp NOT NULL DEFAULT CURRENT_TIMESTAMP,
  `flag` int(11) NOT NULL DEFAULT '1'
) ENGINE=InnoDB AUTO_INCREMENT=2 DEFAULT CHARSET=latin1;

--
-- Dumping data for table `co_business_partners`
--

INSERT INTO `co_business_partners` (`co_bp_id`, `co_bp_seq`, `co_bp_code`, `co_bp_name`, `co_bp_ind_name`, `bp_name`, `co_bp_shortname`, `co_bp_bus_style`, `co_bp_address`, `co_bp_tin`, `co_bp_particulars`, `bpc_id`, `bpt_id`, `co_t_id1`, `co_t_id2`, `co_t_id3`, `cb_id`, `co_bp_validity_date`, `flag`) VALUES
(1, '1', '6113', '5', '5', '5', '5', '5', '5', '5', '5', 39, 3, 7, 7, 7, 6, '2016-11-21 06:35:33', 1);

-- --------------------------------------------------------

--
-- Table structure for table `co_coa`
--

CREATE TABLE IF NOT EXISTS `co_coa` (
  `co_coa_id` int(11) NOT NULL,
  `coa_id` int(11) NOT NULL,
  `cb_id` int(11) NOT NULL,
  `co_coa_validity_date` timestamp NOT NULL DEFAULT CURRENT_TIMESTAMP,
  `flag` int(11) NOT NULL DEFAULT '1'
) ENGINE=InnoDB DEFAULT CHARSET=latin1;

-- --------------------------------------------------------

--
-- Table structure for table `co_coa_lvl1`
--

CREATE TABLE IF NOT EXISTS `co_coa_lvl1` (
  `id` int(11) NOT NULL,
  `cb_id` int(11) NOT NULL,
  `lvl_1_id` int(11) NOT NULL,
  `validity_date` timestamp NOT NULL DEFAULT CURRENT_TIMESTAMP,
  `flag` int(11) NOT NULL DEFAULT '1'
) ENGINE=InnoDB AUTO_INCREMENT=7 DEFAULT CHARSET=latin1;

--
-- Dumping data for table `co_coa_lvl1`
--

INSERT INTO `co_coa_lvl1` (`id`, `cb_id`, `lvl_1_id`, `validity_date`, `flag`) VALUES
(1, 2, 3, '2016-11-11 03:51:16', 1),
(2, 3, 4, '2016-11-11 04:14:29', 1),
(3, 4, 6, '2016-11-21 05:43:47', 1),
(4, 5, 7, '2016-11-21 05:44:59', 1),
(5, 6, 8, '2016-11-21 05:45:19', 1),
(6, 6, 9, '2016-11-21 06:11:27', 1);

-- --------------------------------------------------------

--
-- Table structure for table `co_departments`
--

CREATE TABLE IF NOT EXISTS `co_departments` (
  `co_de_id` int(11) NOT NULL,
  `co_de_seq` varchar(255) NOT NULL,
  `co_de_code` varchar(255) NOT NULL,
  `co_de_name` varchar(255) NOT NULL,
  `co_de_shortname` varchar(255) NOT NULL,
  `cb_id` int(11) NOT NULL,
  `co_de_validity_date` timestamp NOT NULL DEFAULT CURRENT_TIMESTAMP,
  `flag` int(11) NOT NULL DEFAULT '1'
) ENGINE=InnoDB AUTO_INCREMENT=3 DEFAULT CHARSET=latin1;

--
-- Dumping data for table `co_departments`
--

INSERT INTO `co_departments` (`co_de_id`, `co_de_seq`, `co_de_code`, `co_de_name`, `co_de_shortname`, `cb_id`, `co_de_validity_date`, `flag`) VALUES
(1, '1', '1', 'EE', 'E', 6, '2016-11-21 06:36:46', 0),
(2, '2', '1', 'EE', 'E', 6, '2016-11-21 06:36:52', 1);

-- --------------------------------------------------------

--
-- Table structure for table `co_discounts`
--

CREATE TABLE IF NOT EXISTS `co_discounts` (
  `co_d_id` int(11) NOT NULL,
  `co_d_code` varchar(255) NOT NULL,
  `co_d_name` varchar(255) NOT NULL,
  `co_d_shortname` varchar(255) NOT NULL,
  `co_d_rate` varchar(255) NOT NULL,
  `cb_id` int(11) NOT NULL,
  `co_d_validity_date` timestamp NOT NULL DEFAULT CURRENT_TIMESTAMP,
  `flag` int(11) NOT NULL DEFAULT '1'
) ENGINE=InnoDB AUTO_INCREMENT=2 DEFAULT CHARSET=latin1;

--
-- Dumping data for table `co_discounts`
--

INSERT INTO `co_discounts` (`co_d_id`, `co_d_code`, `co_d_name`, `co_d_shortname`, `co_d_rate`, `cb_id`, `co_d_validity_date`, `flag`) VALUES
(1, '1', 'E', 'e', '1231131', 6, '2016-11-21 06:47:18', 1);

-- --------------------------------------------------------

--
-- Table structure for table `co_documents`
--

CREATE TABLE IF NOT EXISTS `co_documents` (
  `co_doc_id` int(11) NOT NULL,
  `d_id` int(11) NOT NULL,
  `cb_id` int(11) NOT NULL,
  `co_doc_validity_date` timestamp NOT NULL DEFAULT CURRENT_TIMESTAMP,
  `flag` int(11) NOT NULL DEFAULT '1'
) ENGINE=InnoDB AUTO_INCREMENT=3 DEFAULT CHARSET=latin1;

--
-- Dumping data for table `co_documents`
--

INSERT INTO `co_documents` (`co_doc_id`, `d_id`, `cb_id`, `co_doc_validity_date`, `flag`) VALUES
(1, 1, 6, '2016-11-21 06:32:01', 1),
(2, 2, 6, '2016-11-21 06:32:54', 1);

-- --------------------------------------------------------

--
-- Table structure for table `co_journals`
--

CREATE TABLE IF NOT EXISTS `co_journals` (
  `co_j_id` int(11) NOT NULL,
  `j_id` int(11) NOT NULL,
  `cb_id` int(11) NOT NULL,
  `co_j_validity_date` timestamp NOT NULL DEFAULT CURRENT_TIMESTAMP,
  `flag` int(11) NOT NULL DEFAULT '1'
) ENGINE=InnoDB AUTO_INCREMENT=31 DEFAULT CHARSET=latin1;

--
-- Dumping data for table `co_journals`
--

INSERT INTO `co_journals` (`co_j_id`, `j_id`, `cb_id`, `co_j_validity_date`, `flag`) VALUES
(1, 7, 2, '2016-11-11 03:51:16', 1),
(2, 8, 2, '2016-11-11 03:51:16', 1),
(3, 9, 2, '2016-11-11 03:51:16', 1),
(4, 10, 2, '2016-11-11 03:51:16', 1),
(5, 11, 2, '2016-11-11 03:51:16', 1),
(6, 12, 2, '2016-11-11 03:51:16', 1),
(7, 13, 3, '2016-11-11 04:14:29', 1),
(8, 14, 3, '2016-11-11 04:14:29', 1),
(9, 15, 3, '2016-11-11 04:14:29', 1),
(10, 16, 3, '2016-11-11 04:14:29', 1),
(11, 17, 3, '2016-11-11 04:14:29', 1),
(12, 18, 3, '2016-11-11 04:14:29', 1),
(13, 19, 4, '2016-11-21 05:43:48', 1),
(14, 20, 4, '2016-11-21 05:43:48', 1),
(15, 21, 4, '2016-11-21 05:43:48', 1),
(16, 22, 4, '2016-11-21 05:43:48', 1),
(17, 23, 4, '2016-11-21 05:43:48', 1),
(18, 24, 4, '2016-11-21 05:43:48', 1),
(19, 25, 5, '2016-11-21 05:44:59', 1),
(20, 26, 5, '2016-11-21 05:44:59', 1),
(21, 27, 5, '2016-11-21 05:44:59', 1),
(22, 28, 5, '2016-11-21 05:44:59', 1),
(23, 29, 5, '2016-11-21 05:44:59', 1),
(24, 30, 5, '2016-11-21 05:44:59', 1),
(25, 31, 6, '2016-11-21 05:45:19', 1),
(26, 32, 6, '2016-11-21 05:45:19', 1),
(27, 33, 6, '2016-11-21 05:45:19', 1),
(28, 34, 6, '2016-11-21 05:45:19', 1),
(29, 35, 6, '2016-11-21 05:45:19', 1),
(30, 36, 6, '2016-11-21 05:45:19', 1);

-- --------------------------------------------------------

--
-- Table structure for table `co_modes_of_payment`
--

CREATE TABLE IF NOT EXISTS `co_modes_of_payment` (
  `co_mop_id` int(11) NOT NULL,
  `mop_id` int(11) NOT NULL,
  `cb_id` int(11) NOT NULL,
  `co_mop_validity_date` timestamp NOT NULL DEFAULT CURRENT_TIMESTAMP,
  `flag` int(11) NOT NULL DEFAULT '1'
) ENGINE=InnoDB AUTO_INCREMENT=3 DEFAULT CHARSET=latin1;

--
-- Dumping data for table `co_modes_of_payment`
--

INSERT INTO `co_modes_of_payment` (`co_mop_id`, `mop_id`, `cb_id`, `co_mop_validity_date`, `flag`) VALUES
(1, 1, 6, '2016-11-21 06:33:14', 1),
(2, 2, 6, '2016-11-21 06:33:58', 1);

-- --------------------------------------------------------

--
-- Table structure for table `co_others`
--

CREATE TABLE IF NOT EXISTS `co_others` (
  `co_o_id` int(11) NOT NULL,
  `co_o_name` varchar(255) NOT NULL,
  `co_o_validity_date` timestamp NOT NULL DEFAULT CURRENT_TIMESTAMP,
  `cb_id` int(11) NOT NULL,
  `flag` int(11) NOT NULL DEFAULT '1'
) ENGINE=InnoDB AUTO_INCREMENT=2 DEFAULT CHARSET=latin1;

--
-- Dumping data for table `co_others`
--

INSERT INTO `co_others` (`co_o_id`, `co_o_name`, `co_o_validity_date`, `cb_id`, `flag`) VALUES
(1, ':D', '2016-11-21 06:56:14', 6, 1);

-- --------------------------------------------------------

--
-- Table structure for table `co_products`
--

CREATE TABLE IF NOT EXISTS `co_products` (
  `co_p_id` int(11) NOT NULL,
  `co_p_seq` varchar(255) NOT NULL,
  `co_p_code` varchar(255) NOT NULL,
  `co_p_name` varchar(255) NOT NULL,
  `co_p_shortname` varchar(255) NOT NULL,
  `co_p_description` varchar(255) NOT NULL,
  `co_pcc_id` int(11) NOT NULL,
  `co_de_id` int(11) NOT NULL,
  `co_p_validity_date` timestamp NOT NULL DEFAULT CURRENT_TIMESTAMP,
  `flag` int(11) NOT NULL DEFAULT '1'
) ENGINE=InnoDB AUTO_INCREMENT=2 DEFAULT CHARSET=latin1;

--
-- Dumping data for table `co_products`
--

INSERT INTO `co_products` (`co_p_id`, `co_p_seq`, `co_p_code`, `co_p_name`, `co_p_shortname`, `co_p_description`, `co_pcc_id`, `co_de_id`, `co_p_validity_date`, `flag`) VALUES
(1, '1', '1', 'e', 'e', 'e', 1, 2, '2016-11-21 06:37:37', 1);

-- --------------------------------------------------------

--
-- Table structure for table `co_profit_cost_centers`
--

CREATE TABLE IF NOT EXISTS `co_profit_cost_centers` (
  `co_pcc_id` int(11) NOT NULL,
  `co_pcc_seq` varchar(255) NOT NULL,
  `co_pcc_code` varchar(255) NOT NULL,
  `co_pcc_name` varchar(255) NOT NULL,
  `co_pcc_shortname` varchar(255) NOT NULL,
  `co_de_id` int(11) NOT NULL,
  `co_pcc_validity_date` timestamp NOT NULL DEFAULT CURRENT_TIMESTAMP,
  `flag` int(11) NOT NULL DEFAULT '1'
) ENGINE=InnoDB AUTO_INCREMENT=2 DEFAULT CHARSET=latin1;

--
-- Dumping data for table `co_profit_cost_centers`
--

INSERT INTO `co_profit_cost_centers` (`co_pcc_id`, `co_pcc_seq`, `co_pcc_code`, `co_pcc_name`, `co_pcc_shortname`, `co_de_id`, `co_pcc_validity_date`, `flag`) VALUES
(1, '1', '1', 'e', 'e', 2, '2016-11-21 06:37:19', 1);

-- --------------------------------------------------------

--
-- Table structure for table `co_registrant`
--

CREATE TABLE IF NOT EXISTS `co_registrant` (
  `cor_id` int(11) NOT NULL,
  `cor_name` varchar(255) NOT NULL,
  `cor_no` varchar(255) NOT NULL,
  `cor_email` varchar(255) NOT NULL,
  `cb_id` int(11) NOT NULL
) ENGINE=InnoDB AUTO_INCREMENT=6 DEFAULT CHARSET=latin1;

--
-- Dumping data for table `co_registrant`
--

INSERT INTO `co_registrant` (`cor_id`, `cor_name`, `cor_no`, `cor_email`, `cb_id`) VALUES
(1, 'Cadingla, Lorraine Bandonill', '09778122088', 'lbcadingla@gmail.com', 2),
(2, 'Cann, Jomae C.', '', 'excellentachiever01@gmail.com', 3),
(3, 'CompanyOne', '1234567890', 'derreck_123@yahoo.com', 4),
(4, 'CompanyOne', '1234567890', 'derreck_123@yahoo.com', 5),
(5, 'Last,First M.', '1234567890', 'derreck_123@yahoo.com', 6);

-- --------------------------------------------------------

--
-- Table structure for table `co_services`
--

CREATE TABLE IF NOT EXISTS `co_services` (
  `co_s_id` int(11) NOT NULL,
  `co_s_seq` varchar(255) NOT NULL,
  `co_s_code` varchar(255) NOT NULL,
  `co_s_name` varchar(255) NOT NULL,
  `co_s_shortname` varchar(255) NOT NULL,
  `co_s_description` varchar(255) NOT NULL,
  `co_pcc_id` int(11) NOT NULL,
  `co_de_id` int(11) NOT NULL,
  `co_s_validity_date` timestamp NULL DEFAULT CURRENT_TIMESTAMP,
  `flag` int(11) NOT NULL DEFAULT '1'
) ENGINE=InnoDB DEFAULT CHARSET=latin1;

-- --------------------------------------------------------

--
-- Table structure for table `co_taxes`
--

CREATE TABLE IF NOT EXISTS `co_taxes` (
  `co_t_id` int(11) NOT NULL,
  `t_id` int(11) NOT NULL,
  `cb_id` int(11) NOT NULL,
  `co_t_validity_date` timestamp NOT NULL DEFAULT CURRENT_TIMESTAMP,
  `flag` int(11) NOT NULL DEFAULT '1'
) ENGINE=InnoDB AUTO_INCREMENT=7 DEFAULT CHARSET=latin1;

--
-- Dumping data for table `co_taxes`
--

INSERT INTO `co_taxes` (`co_t_id`, `t_id`, `cb_id`, `co_t_validity_date`, `flag`) VALUES
(1, 2, 2, '2016-11-11 03:51:16', 1),
(2, 3, 3, '2016-11-11 04:14:29', 1),
(3, 4, 4, '2016-11-21 05:43:48', 1),
(4, 5, 5, '2016-11-21 05:44:59', 1),
(5, 6, 6, '2016-11-21 05:45:19', 1),
(6, 7, 6, '2016-11-21 06:34:38', 1);

-- --------------------------------------------------------

--
-- Table structure for table `co_tax_types`
--

CREATE TABLE IF NOT EXISTS `co_tax_types` (
  `co_tt_id` int(11) NOT NULL,
  `tt_id` int(11) NOT NULL,
  `cb_id` int(11) NOT NULL,
  `co_tt_validity_date` timestamp NOT NULL DEFAULT CURRENT_TIMESTAMP,
  `flag` int(11) NOT NULL DEFAULT '1'
) ENGINE=InnoDB AUTO_INCREMENT=36 DEFAULT CHARSET=latin1;

--
-- Dumping data for table `co_tax_types`
--

INSERT INTO `co_tax_types` (`co_tt_id`, `tt_id`, `cb_id`, `co_tt_validity_date`, `flag`) VALUES
(1, 8, 2, '2016-11-11 03:51:16', 1),
(2, 9, 2, '2016-11-11 03:51:16', 1),
(3, 10, 2, '2016-11-11 03:51:16', 1),
(4, 11, 2, '2016-11-11 03:51:16', 1),
(5, 12, 2, '2016-11-11 03:51:16', 1),
(6, 13, 2, '2016-11-11 03:51:16', 1),
(7, 14, 2, '2016-11-11 03:51:16', 1),
(8, 15, 3, '2016-11-11 04:14:29', 1),
(9, 16, 3, '2016-11-11 04:14:29', 1),
(10, 17, 3, '2016-11-11 04:14:29', 1),
(11, 18, 3, '2016-11-11 04:14:29', 1),
(12, 19, 3, '2016-11-11 04:14:29', 1),
(13, 20, 3, '2016-11-11 04:14:29', 1),
(14, 21, 3, '2016-11-11 04:14:29', 1),
(15, 22, 4, '2016-11-21 05:43:48', 1),
(16, 23, 4, '2016-11-21 05:43:48', 1),
(17, 24, 4, '2016-11-21 05:43:48', 1),
(18, 25, 4, '2016-11-21 05:43:48', 1),
(19, 26, 4, '2016-11-21 05:43:48', 1),
(20, 27, 4, '2016-11-21 05:43:48', 1),
(21, 28, 4, '2016-11-21 05:43:48', 1),
(22, 29, 5, '2016-11-21 05:44:59', 1),
(23, 30, 5, '2016-11-21 05:44:59', 1),
(24, 31, 5, '2016-11-21 05:44:59', 1),
(25, 32, 5, '2016-11-21 05:44:59', 1),
(26, 33, 5, '2016-11-21 05:44:59', 1),
(27, 34, 5, '2016-11-21 05:44:59', 1),
(28, 35, 5, '2016-11-21 05:44:59', 1),
(29, 36, 6, '2016-11-21 05:45:19', 1),
(30, 37, 6, '2016-11-21 05:45:19', 1),
(31, 38, 6, '2016-11-21 05:45:19', 1),
(32, 39, 6, '2016-11-21 05:45:19', 1),
(33, 40, 6, '2016-11-21 05:45:19', 1),
(34, 41, 6, '2016-11-21 05:45:19', 1),
(35, 42, 6, '2016-11-21 05:45:19', 1);

-- --------------------------------------------------------

--
-- Table structure for table `co_transaction`
--

CREATE TABLE IF NOT EXISTS `co_transaction` (
  `co_trans_id` int(11) NOT NULL,
  `co_trans_date` date NOT NULL,
  `co_journ_trans_id` int(11) NOT NULL,
  `co_trans_doc_name` varchar(255) NOT NULL,
  `co_trans_doc_no` varchar(255) NOT NULL,
  `co_trans_doc_date` date NOT NULL,
  `co_trans_doc_bp_id` int(11) NOT NULL,
  `co_trans_doc_part_period` varchar(255) NOT NULL,
  `co_trans_doc_part_remarks` varchar(255) NOT NULL,
  `co_trans_doc_pay_type` varchar(255) NOT NULL,
  `co_trans_doc_pay_terms` varchar(255) NOT NULL,
  `co_trans_doc_pay_duedate` date NOT NULL,
  `co_trans_doc_pay_mode_id` int(11) NOT NULL,
  `co_trans_doc_pay_amountpaid` varchar(255) NOT NULL,
  `co_trans_doc_pay_checknumber` varchar(255) NOT NULL,
  `co_trans_doc_pay_bank_id` int(11) NOT NULL,
  `co_trans_doc_amount_gross` varchar(255) NOT NULL,
  `co_trans_doc_amount_vat` varchar(255) NOT NULL,
  `co_trans_doc_amount_taxwithheld` varchar(255) NOT NULL,
  `co_trans_doc_amount_deduction` varchar(255) NOT NULL,
  `co_trans_doc_amount_netamount` varchar(255) NOT NULL,
  `co_trans_doc_variance_gross` varchar(255) NOT NULL,
  `co_trans_doc_variance_vat` varchar(255) NOT NULL,
  `co_trans_doc_variance_taxwithheld` varchar(255) NOT NULL,
  `co_trans_doc_variance_deduction` varchar(255) NOT NULL,
  `co_trans_doc_variance_netamount` varchar(255) NOT NULL,
  `cb_id` int(11) NOT NULL
) ENGINE=InnoDB DEFAULT CHARSET=latin1;

-- --------------------------------------------------------

--
-- Table structure for table `co_trans_bank_details`
--

CREATE TABLE IF NOT EXISTS `co_trans_bank_details` (
  `co_trans_bank_det_id` int(11) NOT NULL,
  `co_b_id` int(11) NOT NULL,
  `co_trans_bank_det_doc` varchar(255) NOT NULL,
  `co_trans_bank_det_amount` varchar(255) NOT NULL,
  `co_trans_bank_det_date` date NOT NULL,
  `co_trans_id` int(11) NOT NULL
) ENGINE=InnoDB DEFAULT CHARSET=latin1;

-- --------------------------------------------------------

--
-- Table structure for table `co_trans_discounts`
--

CREATE TABLE IF NOT EXISTS `co_trans_discounts` (
  `co_trans_disc_id` int(11) NOT NULL,
  `co_d_id` int(11) NOT NULL,
  `co_trans_disc_nature` varchar(255) NOT NULL,
  `co_trans_disc_deduction` varchar(255) NOT NULL,
  `co_trans_disc_scid` varchar(255) NOT NULL,
  `co_trans_id` int(11) NOT NULL
) ENGINE=InnoDB DEFAULT CHARSET=latin1;

-- --------------------------------------------------------

--
-- Table structure for table `co_trans_doc_reference`
--

CREATE TABLE IF NOT EXISTS `co_trans_doc_reference` (
  `co_trans_doc_ref_id` int(11) NOT NULL,
  `co_doc_id` int(11) NOT NULL,
  `co_trans_doc_ref_no` varchar(255) NOT NULL,
  `co_trans_doc_docdate` date NOT NULL,
  `co_trans_doc_gross` varchar(255) NOT NULL,
  `co_trans_doc_netamount` varchar(255) NOT NULL,
  `co_trans_id` int(11) NOT NULL
) ENGINE=InnoDB DEFAULT CHARSET=latin1;

-- --------------------------------------------------------

--
-- Table structure for table `co_trans_ewt`
--

CREATE TABLE IF NOT EXISTS `co_trans_ewt` (
  `co_trans_ewt_id` int(11) NOT NULL,
  `co_t_id` int(11) NOT NULL,
  `co_trans_ewt_nature` varchar(255) NOT NULL,
  `co_trans_ewt_taxwithheld` varchar(255) NOT NULL,
  `co_trans_id` int(11) NOT NULL
) ENGINE=InnoDB DEFAULT CHARSET=latin1;

-- --------------------------------------------------------

--
-- Table structure for table `co_trans_fwt`
--

CREATE TABLE IF NOT EXISTS `co_trans_fwt` (
  `co_trans_fwt_id` int(11) NOT NULL,
  `co_t_id` int(11) NOT NULL,
  `co_trans_fwt_nature` varchar(255) NOT NULL,
  `co_trans_fwt_taxwithheld` varchar(255) NOT NULL,
  `co_trans_id` int(11) NOT NULL
) ENGINE=InnoDB DEFAULT CHARSET=latin1;

-- --------------------------------------------------------

--
-- Table structure for table `co_trans_journ_entry`
--

CREATE TABLE IF NOT EXISTS `co_trans_journ_entry` (
  `co_trans_je_id` int(11) NOT NULL,
  `co_trans_je_no` varchar(255) NOT NULL,
  `co_trans_je_trans_code` varchar(255) NOT NULL,
  `co_trans_je_seq_no` varchar(255) NOT NULL,
  `co_trans_je_acc_code` varchar(255) NOT NULL,
  `co_trans_je_acc_name` varchar(255) NOT NULL,
  `co_trans_je_debit_credit` varchar(255) NOT NULL,
  `co_trans_je_debit_amount` varchar(255) NOT NULL,
  `co_trans_je_credit_amount` varchar(255) NOT NULL,
  `co_trans_pcc_code` varchar(255) NOT NULL,
  `co_trans_dept_code_name` varchar(255) NOT NULL,
  `co_trans_id` int(11) NOT NULL
) ENGINE=InnoDB DEFAULT CHARSET=latin1;

-- --------------------------------------------------------

--
-- Table structure for table `co_trans_other`
--

CREATE TABLE IF NOT EXISTS `co_trans_other` (
  `co_trans_other_id` int(11) NOT NULL,
  `co_trans_preparedby_id` int(11) NOT NULL,
  `co_trans_verifiedby` varchar(255) NOT NULL,
  `co_trans_approvedby` varchar(255) NOT NULL,
  `co_trans_receivedby` varchar(255) NOT NULL,
  `co_trans_id` int(11) NOT NULL
) ENGINE=InnoDB DEFAULT CHARSET=latin1;

-- --------------------------------------------------------

--
-- Table structure for table `co_trans_products`
--

CREATE TABLE IF NOT EXISTS `co_trans_products` (
  `co_trans_prod_id` int(11) NOT NULL,
  `co_p_id` int(11) NOT NULL,
  `co_trans_prod_qty` varchar(255) NOT NULL,
  `co_trans_prod_unit` varchar(255) NOT NULL,
  `co_trans_prod_unitprice` varchar(255) NOT NULL,
  `co_trans_prod_gross` varchar(255) NOT NULL,
  `co_trans_prod_type` varchar(255) NOT NULL,
  `co_trans_id` int(11) NOT NULL
) ENGINE=InnoDB DEFAULT CHARSET=latin1;

-- --------------------------------------------------------

--
-- Table structure for table `co_trans_services`
--

CREATE TABLE IF NOT EXISTS `co_trans_services` (
  `co_trans_serv_id` int(11) NOT NULL,
  `co_s_id` int(11) NOT NULL,
  `co_trans_serv_qty` varchar(255) NOT NULL,
  `co_trans_serv_unit` varchar(255) NOT NULL,
  `co_trans_serv_unitprice` varchar(255) NOT NULL,
  `co_trans_serv_gross` varchar(255) NOT NULL,
  `co_trans_serv_type` varchar(255) NOT NULL,
  `co_trans_id` int(11) NOT NULL
) ENGINE=InnoDB DEFAULT CHARSET=latin1;

-- --------------------------------------------------------

--
-- Table structure for table `co_trans_vat`
--

CREATE TABLE IF NOT EXISTS `co_trans_vat` (
  `co_trans_vat_id` int(11) NOT NULL,
  `co_t_id` int(11) NOT NULL,
  `co_trans_vat_nature` varchar(255) NOT NULL,
  `co_trans_vat_amount` varchar(255) NOT NULL,
  `co_trans_vat_net_amount` varchar(255) NOT NULL,
  `co_trans_vat_gross` varchar(255) NOT NULL,
  `co_trans_id` int(11) NOT NULL
) ENGINE=InnoDB DEFAULT CHARSET=latin1;

-- --------------------------------------------------------

--
-- Table structure for table `co_types_of_payment`
--

CREATE TABLE IF NOT EXISTS `co_types_of_payment` (
  `co_top_id` int(11) NOT NULL,
  `co_top_code` varchar(255) NOT NULL,
  `co_top_type` varchar(255) NOT NULL
) ENGINE=InnoDB DEFAULT CHARSET=latin1;

-- --------------------------------------------------------

--
-- Table structure for table `discounts`
--

CREATE TABLE IF NOT EXISTS `discounts` (
  `di_id` int(11) NOT NULL,
  `di_code` varchar(255) NOT NULL,
  `di_name` varchar(255) NOT NULL,
  `di_shortname` varchar(255) NOT NULL,
  `di_validity_date` timestamp NOT NULL DEFAULT CURRENT_TIMESTAMP,
  `flag` int(11) NOT NULL DEFAULT '1'
) ENGINE=InnoDB DEFAULT CHARSET=latin1;

-- --------------------------------------------------------

--
-- Table structure for table `documents`
--

CREATE TABLE IF NOT EXISTS `documents` (
  `d_id` int(11) NOT NULL,
  `d_seq` varchar(255) NOT NULL,
  `d_code` varchar(255) NOT NULL,
  `d_class` varchar(255) NOT NULL,
  `d_name` varchar(255) NOT NULL,
  `d_shortname` varchar(255) NOT NULL,
  `j_id` int(11) NOT NULL,
  `d_company` varchar(255) NOT NULL,
  `validity_date` timestamp NOT NULL DEFAULT CURRENT_TIMESTAMP,
  `flag` int(11) NOT NULL DEFAULT '1'
) ENGINE=InnoDB AUTO_INCREMENT=3 DEFAULT CHARSET=latin1;

--
-- Dumping data for table `documents`
--

INSERT INTO `documents` (`d_id`, `d_seq`, `d_code`, `d_class`, `d_name`, `d_shortname`, `j_id`, `d_company`, `validity_date`, `flag`) VALUES
(1, '1', '1224', 'd', '1', 'yk', 34, 'company', '2016-11-21 06:32:01', 0),
(2, '2', '1224', 'd', '1', 'yk', 33, 'company', '2016-11-21 06:32:54', 1);

-- --------------------------------------------------------

--
-- Table structure for table `journals`
--

CREATE TABLE IF NOT EXISTS `journals` (
  `j_id` int(11) NOT NULL,
  `j_code` varchar(255) NOT NULL,
  `j_name` varchar(255) NOT NULL,
  `j_shortname` varchar(255) NOT NULL,
  `j_company` varchar(255) NOT NULL,
  `j_validity_date` timestamp NULL DEFAULT CURRENT_TIMESTAMP,
  `flag` int(11) NOT NULL DEFAULT '1'
) ENGINE=InnoDB AUTO_INCREMENT=37 DEFAULT CHARSET=latin1;

--
-- Dumping data for table `journals`
--

INSERT INTO `journals` (`j_id`, `j_code`, `j_name`, `j_shortname`, `j_company`, `j_validity_date`, `flag`) VALUES
(1, '1', 'Sales Journal', 'SJ', 'docpro', '2016-11-10 15:09:00', 1),
(2, '2', 'Receipts Journal', 'RJ', 'docpro', '2016-11-10 15:09:00', 1),
(3, '3', 'Purchase Journal', 'PJ', 'docpro', '2016-11-10 15:09:00', 1),
(4, '4', 'Collections Journal', 'CJ', 'docpro', '2016-11-10 15:09:00', 1),
(5, '5', 'Disbursements Journal', 'DJ', 'docpro', '2016-11-10 15:09:00', 1),
(6, '6', 'General Journal', 'GJ', 'docpro', '2016-11-10 15:09:00', 1),
(7, '1', 'Sales Journal', 'SJ', 'company', '2016-11-11 03:51:16', 1),
(8, '2', 'Receipts Journal', 'RJ', 'company', '2016-11-11 03:51:16', 1),
(9, '3', 'Purchase Journal', 'PJ', 'company', '2016-11-11 03:51:16', 1),
(10, '4', 'Collections Journal', 'CJ', 'company', '2016-11-11 03:51:16', 1),
(11, '5', 'Disbursments Journal', 'DJ', 'company', '2016-11-11 03:51:16', 1),
(12, '6', 'General Journal', 'GJ', 'company', '2016-11-11 03:51:16', 1),
(13, '1', 'Sales Journal', 'SJ', 'company', '2016-11-11 04:14:29', 1),
(14, '2', 'Receipts Journal', 'RJ', 'company', '2016-11-11 04:14:29', 1),
(15, '3', 'Purchase Journal', 'PJ', 'company', '2016-11-11 04:14:29', 1),
(16, '4', 'Collections Journal', 'CJ', 'company', '2016-11-11 04:14:29', 1),
(17, '5', 'Disbursments Journal', 'DJ', 'company', '2016-11-11 04:14:29', 1),
(18, '6', 'General Journal', 'GJ', 'company', '2016-11-11 04:14:29', 1),
(19, '1', 'Sales Journal', 'SJ', 'company', '2016-11-21 05:43:48', 1),
(20, '2', 'Receipts Journal', 'RJ', 'company', '2016-11-21 05:43:48', 1),
(21, '3', 'Purchase Journal', 'PJ', 'company', '2016-11-21 05:43:48', 1),
(22, '4', 'Collections Journal', 'CJ', 'company', '2016-11-21 05:43:48', 1),
(23, '5', 'Disbursments Journal', 'DJ', 'company', '2016-11-21 05:43:48', 1),
(24, '6', 'General Journal', 'GJ', 'company', '2016-11-21 05:43:48', 1),
(25, '1', 'Sales Journal', 'SJ', 'company', '2016-11-21 05:44:59', 1),
(26, '2', 'Receipts Journal', 'RJ', 'company', '2016-11-21 05:44:59', 1),
(27, '3', 'Purchase Journal', 'PJ', 'company', '2016-11-21 05:44:59', 1),
(28, '4', 'Collections Journal', 'CJ', 'company', '2016-11-21 05:44:59', 1),
(29, '5', 'Disbursments Journal', 'DJ', 'company', '2016-11-21 05:44:59', 1),
(30, '6', 'General Journal', 'GJ', 'company', '2016-11-21 05:44:59', 1),
(31, '1', 'Sales Journal', 'SJ', 'company', '2016-11-21 05:45:19', 1),
(32, '2', 'Receipts Journal', 'RJ', 'company', '2016-11-21 05:45:19', 1),
(33, '3', 'Purchase Journal', 'PJ', 'company', '2016-11-21 05:45:19', 1),
(34, '4', 'Collections Journal', 'CJ', 'company', '2016-11-21 05:45:19', 1),
(35, '5', 'Disbursments Journal', 'DJ', 'company', '2016-11-21 05:45:19', 1),
(36, '6', 'General Journal', 'GJ', 'company', '2016-11-21 05:45:19', 1);

-- --------------------------------------------------------

--
-- Table structure for table `modes_of_payment`
--

CREATE TABLE IF NOT EXISTS `modes_of_payment` (
  `mop_id` int(11) NOT NULL,
  `mop_seq` varchar(255) NOT NULL,
  `mop_code` varchar(255) NOT NULL,
  `mop_name` varchar(255) NOT NULL,
  `mop_shortname` varchar(255) NOT NULL,
  `top_id` int(11) NOT NULL,
  `mop_company` varchar(255) NOT NULL,
  `mop_validity_date` timestamp NOT NULL DEFAULT CURRENT_TIMESTAMP,
  `flag` int(11) NOT NULL DEFAULT '1'
) ENGINE=InnoDB AUTO_INCREMENT=3 DEFAULT CHARSET=latin1;

--
-- Dumping data for table `modes_of_payment`
--

INSERT INTO `modes_of_payment` (`mop_id`, `mop_seq`, `mop_code`, `mop_name`, `mop_shortname`, `top_id`, `mop_company`, `mop_validity_date`, `flag`) VALUES
(1, '1', '11', '67r9r0f89ywr892hq', 'wihrwoijr8ryoi1', 1, 'company', '2016-11-21 06:33:14', 0),
(2, '2', '11', '67r9r0f89ywr892hq', 'wihrwoijr8ryoi1', 1, 'company', '2016-11-21 06:33:58', 1);

-- --------------------------------------------------------

--
-- Table structure for table `profiles`
--

CREATE TABLE IF NOT EXISTS `profiles` (
  `p_id` int(11) NOT NULL,
  `p_fname` varchar(255) NOT NULL,
  `p_mname` varchar(255) NOT NULL,
  `p_lname` varchar(255) NOT NULL,
  `p_address` varchar(255) NOT NULL,
  `p_cno` varchar(255) NOT NULL,
  `p_email` varchar(255) NOT NULL,
  `cb_id` int(11) NOT NULL,
  `p_validity_date` timestamp NOT NULL DEFAULT CURRENT_TIMESTAMP,
  `flag` int(11) NOT NULL DEFAULT '1'
) ENGINE=InnoDB AUTO_INCREMENT=11 DEFAULT CHARSET=latin1;

--
-- Dumping data for table `profiles`
--

INSERT INTO `profiles` (`p_id`, `p_fname`, `p_mname`, `p_lname`, `p_address`, `p_cno`, `p_email`, `cb_id`, `p_validity_date`, `flag`) VALUES
(1, 'Super', '', 'Admin', 'Baguio City', '', '', 1, '2016-11-10 15:22:45', 1),
(2, ' Lorraine ', 'Bandonill', 'Cadingla', '', '09778122088', 'lbcadingla@gmail.com', 2, '2016-11-11 03:51:16', 1),
(3, ' Jomae ', 'C.', 'Cann', '', '', 'excellentachiever01@gmail.com', 3, '2016-11-11 04:14:29', 1),
(4, '', '', 'CompanyOne', '', '1234567890', 'derreck_123@yahoo.com', 4, '2016-11-21 05:43:47', 1),
(5, '', '', 'CompanyOne', '', '1234567890', 'derreck_123@yahoo.com', 5, '2016-11-21 05:44:59', 1),
(6, 'First ', 'M.', 'Last', '', '1234567890', 'derreck_123@yahoo.com', 6, '2016-11-21 05:45:19', 1),
(7, 'd', 'd', 'd', 'd', '12321321312321', 'd', 6, '2016-11-21 06:11:06', 1),
(8, 'E', 'E', 'E', 'E', '156282269825', 'E', 6, '2016-11-21 06:26:33', 1),
(9, 'e', 'e', 'e', 'e', 'e', 'e', 6, '2016-11-21 06:29:00', 1),
(10, 'e', 'e', 'e', 'e', 'e', 'e', 6, '2016-11-21 06:29:30', 1);

-- --------------------------------------------------------

--
-- Table structure for table `taxes`
--

CREATE TABLE IF NOT EXISTS `taxes` (
  `t_id` int(11) NOT NULL,
  `t_seq` varchar(255) NOT NULL,
  `t_code` varchar(255) NOT NULL,
  `t_name` varchar(255) NOT NULL,
  `t_shortname` varchar(255) NOT NULL,
  `t_rate` varchar(255) NOT NULL,
  `t_base` varchar(255) NOT NULL,
  `tt_id` int(11) NOT NULL,
  `t_company` varchar(255) NOT NULL,
  `t_setup_company` varchar(255) NOT NULL,
  `t_validity_date` timestamp NOT NULL DEFAULT CURRENT_TIMESTAMP ON UPDATE CURRENT_TIMESTAMP,
  `flag` int(11) NOT NULL DEFAULT '1'
) ENGINE=InnoDB AUTO_INCREMENT=69 DEFAULT CHARSET=latin1;

--
-- Dumping data for table `taxes`
--

INSERT INTO `taxes` (`t_id`, `t_seq`, `t_code`, `t_name`, `t_shortname`, `t_rate`, `t_base`, `tt_id`, `t_company`, `t_setup_company`, `t_validity_date`, `flag`) VALUES
(1, '1', 'IC055', 'Minimum Corporate Income Tax', 'MCIT', '0.02', '0', 1, 'docpro', 'docpro', '2016-11-25 08:06:46', 1),
(2, '1', '11', 'Corporate Tax', '1702', '30', '36', 8, 'company', 'docpro', '2016-11-11 03:51:16', 1),
(3, '1', '11', 'Corporate Tax', '1702', '30', '36', 15, 'company', 'docpro', '2016-11-11 04:14:29', 1),
(4, '1', '11', 'Corporate Tax', '1702', '30', '36', 22, 'company', 'docpro', '2016-11-21 05:43:48', 1),
(5, '1', '11', 'Corporate Tax', '1702', '30', '36', 29, 'company', 'docpro', '2016-11-21 05:44:59', 1),
(6, '1', '11', 'Corporate Tax', '1702', '30', '36', 36, 'company', 'docpro', '2016-11-21 05:45:19', 1),
(7, '2', '12', '80923e24', '918390139', '9999999999999999999999999', '999999999999999999999999999', 36, 'company', 'company', '2016-11-21 06:34:38', 1),
(8, '2', '12', 'Taxable Partnership', 'IT', '0.30', '0', 1, 'docpro', 'docpro', '2016-11-25 08:03:09', 0),
(9, '3', '13', 'Proprietary Educational Institutions', 'IT', '0.30', '0', 1, 'docpro', 'docpro', '2016-11-25 08:03:21', 0),
(10, '4', '14', 'Non-stock, Non-profit Hospitals', 'IT', '0.30', '0', 1, 'docpro', 'docpro', '2016-11-25 08:03:51', 0),
(11, '5', '15', 'Resident Foreign Corporation in General', 'IT', '0.30', '0', 1, 'docpro', 'docpro', '2016-11-25 08:04:34', 0),
(12, '6', '16', 'Offshore Banking Units', 'IT', '0.30', '0', 1, 'docpro', 'docpro', '2016-11-25 08:04:06', 0),
(13, '7', 'IC010', 'Corporate Tax', 'IT', '0.30', '0', 1, 'docpro', 'docpro', '2016-11-25 08:10:39', 1),
(14, '8', 'II012', 'Individual Income Tax', 'IT', '0.32', '0', 1, 'docpro', 'docpro', '2016-11-25 08:18:00', 1),
(15, '9', 'IC101', 'Regional Operating Headquarter Income Tax', 'IT', '0.10', '0', 1, 'docpro', 'docpro', '2016-11-25 08:18:53', 1),
(16, '10', 'IC080', 'Resident Foreign Corporation - Internation Carriers', 'IT', '0.025', '0', 1, 'docpro', 'docpro', '2016-11-25 08:15:33', 1),
(17, '11', 'IC011', 'Exempt Corporation', 'IT', '0.00', '0.00', 1, 'docpro', 'docpro', '2016-11-25 08:14:53', 1),
(18, '1', 'VSP', 'Sales to Private', 'VSP', '0.12', '0', 2, 'docpro', 'docpro', '2016-11-25 08:22:11', 1),
(19, '2', 'VSG', 'Sales to Government', 'VSG', '0.12', '0', 2, 'docpro', 'docpro', '2016-11-25 08:22:55', 1),
(20, '3', 'VZR', 'Zero-rated Sales', 'VZR', '0.00', '0', 2, 'docpro', 'docpro', '2016-11-28 01:58:15', 1),
(21, '4', 'VEZ', 'Exempt Sales', 'VEZ', '0.00', '0.00', 2, 'docpro', 'docpro', '2016-11-25 08:29:43', 1),
(22, '5', 'PCG<1M', 'Purchase of Capital Goods<1M', 'PCG<1M', '0.12', '0', 2, 'docpro', 'docpro', '2016-11-25 08:32:04', 1),
(23, '6', 'PCG>1M', 'Purchase of Capital Goods>1M', 'PCG>1M', '0.12', '0', 2, 'docpro', 'docpro', '2016-11-25 08:32:36', 1),
(24, '7', 'DPGOCG', 'Domestic Purchase of Goods other than CG', 'DPGOCG', '0.12', '0', 2, 'docpro', 'docpro', '2016-11-25 08:33:37', 1),
(25, '8', 'IGOCG', 'Importation of Goods other than CG', 'IGOCG', '0.12', '0', 2, 'docpro', 'docpro', '2016-11-25 08:33:55', 1),
(26, '9', 'DPS', 'Domestic Purchase of Services', 'DPS', '0.12', '0', 2, 'docpro', 'docpro', '2016-11-25 08:34:44', 1),
(27, '1', 'WI 010', 'EWT - professionals - lawyers, CPAs, engineers, etc (GI= 720,000 & Below)', 'EWT', '0.10', '0', 5, 'docpro', 'docpro', '2016-11-28 02:58:15', 1),
(28, '2', 'WI 011', 'EWT - professionals - lawyers, CPAs, engineers, etc (GI= Exceeds 720,000)', 'EWT', '0.15', '0', 5, 'docpro', 'docpro', '2016-11-28 02:27:29', 1),
(29, '3', 'WC 010', 'EWT - professionals - lawyers, CPAs, engineers, etc (GI= 720,000 & Below)', 'EWT', '0.10', '0', 5, 'docpro', 'docpro', '2016-11-28 02:57:43', 1),
(30, '4', 'WC 011', 'EWT - professionals - lawyers, CPAs, engineers, etc (GI= Exceeds 720,000)', 'EWT', '0.15', '0', 5, 'docpro', 'docpro', '2016-11-28 02:57:58', 1),
(31, '5', 'WI 020', 'EWT - professional entertainers (GI= 720,000 & Below)', 'EWT', '0.10', '0', 5, 'docpro', 'docpro', '2016-11-28 02:23:29', 1),
(32, '6', 'WI 021', 'EWT - professional entertainers (GI= Exceeds 720,000)', 'EWT', '0.15', '0', 5, 'docpro', 'docpro', '2016-11-28 02:23:53', 1),
(33, '7', 'WI 030', 'EWT - professional athletes (GI= 720,000 & Below)', 'EWT', '0.10', '0', 5, 'docpro', 'docpro', '2016-11-28 02:30:06', 1),
(34, '8', 'WI 031', 'EWT - professional athletes (GI= Exceeds 720,000)', 'EWT', '0.15', '0', 5, 'docpro', 'docpro', '2016-11-28 02:30:23', 1),
(35, '9', '59', 'EWT - movie, stage, radio, television and musical directors (GI= 720,000 & Below)', 'EWT', '0.10', '0', 5, 'docpro', 'docpro', '2016-11-28 02:31:36', 1),
(36, '10', '510', 'EWT - movie, stage, radio, television and musical directors (GI= Exceeds 720,000)', 'EWT', '0.15', '0', 5, 'docpro', 'docpro', '2016-11-28 02:32:26', 1),
(37, '11', '511', 'EWT - management and technical consultants (GI= 720,000 & Below)', 'EWT', '0.10', '0', 5, 'docpro', 'docpro', '2016-11-28 02:35:15', 1),
(38, '12', '512', 'EWT - management and technical consultants (GI= Exceeds 720,000)', 'EWT', '0.15', '0', 5, 'docpro', 'docpro', '2016-11-28 02:34:14', 1),
(39, '13', '513', 'EWT - management and technical consultants (GI= 720,000 & Below)', 'EWT', '0.10', '0', 5, 'docpro', 'docpro', '2016-11-28 02:36:29', 1),
(40, '14', '514', 'EWT - management and technical consultants (GI= Exceeds 720,000)', 'EWT', '0.15', '0', 5, 'docpro', 'docpro', '2016-11-28 02:41:24', 1),
(41, '15', '515', 'EWT - business and bokkeeping agents and agencies (GI= 720,000 & Below)', 'EWT', '0.10', '0', 5, 'docpro', 'docpro', '2016-11-28 02:43:17', 1),
(42, '16', '516', 'EWT - business and bokkeeping agents and agencies (GI= Exceeds 720,000)', 'EWT', '0.15', '0', 5, 'docpro', 'docpro', '2016-11-28 02:44:30', 1),
(43, '17', '517', 'EWT - insurance agents and insurance adjusters (GI= 720,000 & Below)', 'EWT', '0.10', '0', 5, 'docpro', 'docpro', '2016-11-28 02:45:34', 1),
(44, '18', '518', 'EWT - insurance agents and insurance adjusters (GI= Exceeds 720,000)', 'EWT', '0.15', '0', 5, 'docpro', 'docpro', '2016-11-28 02:46:41', 1),
(45, '19', '519', 'EWT - other recipient of talent fees (GI= 720,000 & Below)', 'EWT', '0.10', '0', 5, 'docpro', 'docpro', '2016-11-28 02:50:50', 1),
(46, '20', '520', 'EWT - other recipient of talent fees (GI= Exceeds 720,000)', 'EWT', '0.15', '0', 5, 'docpro', 'docpro', '2016-11-28 02:51:48', 1),
(47, '21', '521', 'EWT - fees of directors who are not employees of the company (GI= 720,000 & Below)', 'EWT', '0.10', '0', 5, 'docpro', 'docpro', '2016-11-28 02:53:31', 1),
(48, '22', '522', 'EWT - fees of directors who are not employees of the company (GI= Exceeds 720,000)', 'EWT', '0.15', '0', 5, 'docpro', 'docpro', '2016-11-28 02:54:18', 1),
(49, '23', '523', 'EWT - rentals: real/personal properties, poles, satellites & transmission', 'EWT', '0.05', '0', 5, 'docpro', 'docpro', '2016-11-28 02:55:37', 1),
(50, '24', '524', 'EWT - rentals: real/personal properties, poles, satellites & transmission', 'EWT', '0.05', '0', 5, 'docpro', 'docpro', '2016-11-28 02:56:33', 1),
(51, '25', '525', 'EWT - cinematographic film rentals', 'EWT', '0.05', '0', 5, 'docpro', 'docpro', '2016-11-28 02:57:14', 1),
(52, '26', '526', 'EWT - prime contractors/sub-contractors', 'EWT', '0.02', '0', 5, 'docpro', 'docpro', '2016-11-28 02:59:39', 1),
(53, '27', '527', 'EWT - prime contractors/sub-contractors', 'EWT', '0.02', '0', 5, 'docpro', 'docpro', '2016-11-28 03:01:16', 1),
(54, '28', '528', 'EWT - income distribution to beneficiaries of estates & trusts', 'EWT', '0.15', '0', 5, 'docpro', 'docpro', '2016-11-28 03:02:22', 1),
(55, '29', '529', 'EWT - gross commission or service fees of customs, insurance, stock, real estate, immigration and commercial brokers and fees of agents of professional entertainer', 'EWT', '0.10', '0', 5, 'docpro', 'docpro', '2016-11-28 03:10:14', 1),
(56, '30', '530', 'EWT - gross commission or service fees of customs, insurance, stock, real estate, immigration and commercial brokers and fees of agents of professional entertainer', 'EWT', '0.10', '0', 5, 'docpro', 'docpro', '2016-11-28 03:10:43', 1),
(57, '31', '531', 'EWT - payments to medical practitioners by a duly registered professional partnership (GI= Exceeds 720,000)', 'EWT', '0.15', '0', 5, 'docpro', 'docpro', '2016-11-28 03:32:45', 1),
(58, '32', '533', 'EWT - payments for medical/dental/veterinary services through hospitals/clinics/health maintenance organizations (GI= 720,000 & Below)', 'EWT', '0.10', '0', 5, 'docpro', 'docpro', '2016-11-28 03:33:48', 1),
(59, '33', '532', 'EWT - payments to medical practitioners by a duly registered professional partnership (GI= 720,000 & Below)', 'EWT', '0.10', '0', 5, 'docpro', 'docpro', '2016-11-28 03:33:01', 1),
(60, '34', '534', 'EWT - payments for medical/dental/veterinary services through hospitals/clinics/health maintenance organizations (GI= Exceeds 720,000)', 'EWT', '0.15', '0', 5, 'docpro', 'docpro', '2016-11-28 03:34:30', 1),
(61, '35', '535', 'EWT - payment by the general professional partnership to its partners (current year''s income payments is 720,000 & below)', 'EWT', '0.10', '0', 5, 'docpro', 'docpro', '2016-11-28 03:38:20', 1),
(62, '36', '536', 'EWT - payment by the general professional partnership to its partners (current year''s income payments exceed 720,000)', 'EWT', '0.15', '0', 5, 'docpro', 'docpro', '2016-11-28 03:39:22', 1),
(63, '37', '537', 'EWT- payments made by credit card companies', 'EWT', '0.005', '0', 5, 'docpro', 'docpro', '2016-11-28 03:40:11', 1),
(64, '38', '538', 'EWT- payments made by credit card companies', 'EWT', '0.005', '0', 5, 'docpro', 'docpro', '2016-11-28 03:40:38', 1),
(65, '39', '539', 'EWT - income payments made by the government to its local/resident suppliers of goods', 'EWT', '0.01', '0', 5, 'docpro', 'docpro', '2016-11-28 03:42:00', 1),
(66, '40', '540', 'EWT - income payments made by the government to its local/resident suppliers of goods', 'EWT', '0.01', '0', 5, 'docpro', 'docpro', '2016-11-28 03:42:26', 1),
(67, '41', '541', 'EWT - income payments made by the government to its local/resident suppliers of services', 'EWT', '0.02', '0', 5, 'docpro', 'docpro', '2016-11-28 03:43:01', 1),
(68, '42', '542', 'EWT - income payments made by the government to its local/resident suppliers of services', 'EWT', '0.02', '0', 5, 'docpro', 'docpro', '2016-11-28 03:43:38', 1);

-- --------------------------------------------------------

--
-- Table structure for table `tax_types`
--

CREATE TABLE IF NOT EXISTS `tax_types` (
  `tt_id` int(11) NOT NULL,
  `tt_seq` varchar(255) NOT NULL,
  `tt_code` varchar(255) NOT NULL,
  `tt_name` varchar(255) NOT NULL,
  `tt_shortname` varchar(255) NOT NULL,
  `tt_company` varchar(255) NOT NULL,
  `tt_validity_date` timestamp NOT NULL DEFAULT CURRENT_TIMESTAMP,
  `flag` int(11) NOT NULL DEFAULT '1'
) ENGINE=InnoDB AUTO_INCREMENT=43 DEFAULT CHARSET=latin1;

--
-- Dumping data for table `tax_types`
--

INSERT INTO `tax_types` (`tt_id`, `tt_seq`, `tt_code`, `tt_name`, `tt_shortname`, `tt_company`, `tt_validity_date`, `flag`) VALUES
(1, '1', '1', 'Income Tax', 'IT', 'docpro', '2016-11-10 15:13:21', 1),
(2, '2', '2', 'Value Added Tax', 'VAT', 'docpro', '2016-11-10 15:13:21', 1),
(3, '3', '3', 'Percentage Tax', 'PT', 'docpro', '2016-11-10 15:13:21', 1),
(4, '4', '4', 'Excise Tax', 'EXT', 'docpro', '2016-11-10 15:13:21', 1),
(5, '5', '5', 'Expanded Withholding Tax', 'EWT', 'docpro', '2016-11-10 15:13:21', 1),
(6, '6', '6', 'Final Withholding Tax', 'FWT', 'docpro', '2016-11-10 15:13:21', 1),
(7, '7', '7', 'Special Tax ', 'PR', 'docpro', '2016-11-10 15:13:21', 1),
(8, '1', '1', 'Income Tax', 'IT', 'company', '2016-11-11 03:51:16', 1),
(9, '2', '2', 'Value Added Tax', 'VAT', 'company', '2016-11-11 03:51:16', 1),
(10, '3', '3', 'Percentage Tax', 'PT', 'company', '2016-11-11 03:51:16', 1),
(11, '4', '4', 'Excise Tax', 'EXT', 'company', '2016-11-11 03:51:16', 1),
(12, '5', '5', 'Expanded Withholding Tax', 'EWT', 'company', '2016-11-11 03:51:16', 1),
(13, '6', '6', 'Final Withholding Tax', 'FWT', 'company', '2016-11-11 03:51:16', 1),
(14, '7', '7', 'Special Tax ', 'PR', 'company', '2016-11-11 03:51:16', 1),
(15, '1', '1', 'Income Tax', 'IT', 'company', '2016-11-11 04:14:29', 1),
(16, '2', '2', 'Value Added Tax', 'VAT', 'company', '2016-11-11 04:14:29', 1),
(17, '3', '3', 'Percentage Tax', 'PT', 'company', '2016-11-11 04:14:29', 1),
(18, '4', '4', 'Excise Tax', 'EXT', 'company', '2016-11-11 04:14:29', 1),
(19, '5', '5', 'Expanded Withholding Tax', 'EWT', 'company', '2016-11-11 04:14:29', 1),
(20, '6', '6', 'Final Withholding Tax', 'FWT', 'company', '2016-11-11 04:14:29', 1),
(21, '7', '7', 'Special Tax ', 'PR', 'company', '2016-11-11 04:14:29', 1),
(22, '1', '1', 'Income Tax', 'IT', 'company', '2016-11-21 05:43:48', 1),
(23, '2', '2', 'Value Added Tax', 'VAT', 'company', '2016-11-21 05:43:48', 1),
(24, '3', '3', 'Percentage Tax', 'PT', 'company', '2016-11-21 05:43:48', 1),
(25, '4', '4', 'Excise Tax', 'EXT', 'company', '2016-11-21 05:43:48', 1),
(26, '5', '5', 'Expanded Withholding Tax', 'EWT', 'company', '2016-11-21 05:43:48', 1),
(27, '6', '6', 'Final Withholding Tax', 'FWT', 'company', '2016-11-21 05:43:48', 1),
(28, '7', '7', 'Special Tax ', 'PR', 'company', '2016-11-21 05:43:48', 1),
(29, '1', '1', 'Income Tax', 'IT', 'company', '2016-11-21 05:44:59', 1),
(30, '2', '2', 'Value Added Tax', 'VAT', 'company', '2016-11-21 05:44:59', 1),
(31, '3', '3', 'Percentage Tax', 'PT', 'company', '2016-11-21 05:44:59', 1),
(32, '4', '4', 'Excise Tax', 'EXT', 'company', '2016-11-21 05:44:59', 1),
(33, '5', '5', 'Expanded Withholding Tax', 'EWT', 'company', '2016-11-21 05:44:59', 1),
(34, '6', '6', 'Final Withholding Tax', 'FWT', 'company', '2016-11-21 05:44:59', 1),
(35, '7', '7', 'Special Tax ', 'PR', 'company', '2016-11-21 05:44:59', 1),
(36, '1', '1', 'Income Tax', 'IT', 'company', '2016-11-21 05:45:19', 1),
(37, '2', '2', 'Value Added Tax', 'VAT', 'company', '2016-11-21 05:45:19', 1),
(38, '3', '3', 'Percentage Tax', 'PT', 'company', '2016-11-21 05:45:19', 1),
(39, '4', '4', 'Excise Tax', 'EXT', 'company', '2016-11-21 05:45:19', 1),
(40, '5', '5', 'Expanded Withholding Tax', 'EWT', 'company', '2016-11-21 05:45:19', 1),
(41, '6', '6', 'Final Withholding Tax', 'FWT', 'company', '2016-11-21 05:45:19', 1),
(42, '7', '7', 'Special Tax ', 'PR', 'company', '2016-11-21 05:45:19', 1);

-- --------------------------------------------------------

--
-- Table structure for table `types_of_payment`
--

CREATE TABLE IF NOT EXISTS `types_of_payment` (
  `top_id` int(11) NOT NULL,
  `top_code` varchar(255) NOT NULL,
  `top_type` varchar(255) NOT NULL,
  `top_company` varchar(255) NOT NULL,
  `top_validity_data` timestamp NOT NULL DEFAULT CURRENT_TIMESTAMP,
  `flag` int(11) NOT NULL DEFAULT '1'
) ENGINE=InnoDB AUTO_INCREMENT=3 DEFAULT CHARSET=latin1;

--
-- Dumping data for table `types_of_payment`
--

INSERT INTO `types_of_payment` (`top_id`, `top_code`, `top_type`, `top_company`, `top_validity_data`, `flag`) VALUES
(1, '1', 'Cash', 'docpro', '2016-09-19 06:28:38', 1),
(2, '2', 'Credit', 'docpro', '2016-09-19 06:28:45', 1);

-- --------------------------------------------------------

--
-- Table structure for table `users`
--

CREATE TABLE IF NOT EXISTS `users` (
  `u_id` int(11) NOT NULL,
  `u_seq` varchar(255) NOT NULL,
  `u_code` varchar(255) NOT NULL,
  `u_name` varchar(255) NOT NULL,
  `u_pass` varchar(255) NOT NULL,
  `u_type` varchar(255) NOT NULL,
  `u_company` varchar(255) NOT NULL,
  `subs_type` enum('free','premium') NOT NULL,
  `subs_exp_date` date NOT NULL,
  `setup` int(11) NOT NULL,
  `p_id` int(11) NOT NULL,
  `cbbr_id` int(11) NOT NULL,
  `u_validity_date` datetime NOT NULL,
  `u_flag` int(11) NOT NULL DEFAULT '1'
) ENGINE=InnoDB AUTO_INCREMENT=11 DEFAULT CHARSET=latin1;

--
-- Dumping data for table `users`
--

INSERT INTO `users` (`u_id`, `u_seq`, `u_code`, `u_name`, `u_pass`, `u_type`, `u_company`, `subs_type`, `subs_exp_date`, `setup`, `p_id`, `cbbr_id`, `u_validity_date`, `u_flag`) VALUES
(1, '1', '1', 'docproadmin', '$2y$11$MQAe1z2NHIqUunQbX2HIruPuMdJ7gu0hd6H2d2yaXXwqbxRn/MaAe', 'Super Admin', 'docpro', 'premium', '0000-00-00', 0, 1, 1, '0000-00-00 00:00:00', 1),
(2, '0', '', 'XsyMkOPh5g', '$2y$11$sWUtxo84P5N8D308EhdX3uI/pZEQXE5nv.rfqM2qKKaKkrjNQgoY.', 'Super Admin', 'company', 'free', '2016-12-10', 1, 2, 2, '0000-00-00 00:00:00', 1),
(3, '0', '', 'pAvxFzMZtP', '$2y$11$ZD6YMPEe06p.qkErrfMnauu5ZdfyAr85HOTDCtW8d6xleUecH1DLi', 'Super Admin', 'company', 'free', '2016-12-10', 1, 3, 3, '0000-00-00 00:00:00', 1),
(4, '0', '', 'msjNyVyak', '$2y$11$vu.6SyyQB2aEjupmxFGEPOMU7Hi5LSHKX3CN9/57CdqWIgwyOdNgy', 'Super Admin', 'company', 'free', '2016-12-20', 1, 4, 4, '0000-00-00 00:00:00', 1),
(5, '0', '', 'Iof0Qf9ar', '$2y$11$KmF3qBaqpKKdjW4cLwBPV.cbnNX/HHS98kclvABEUx6XOqcYdbJs.', 'Super Admin', 'company', 'free', '2016-12-20', 1, 5, 5, '0000-00-00 00:00:00', 1),
(6, '0', '', '9W8juCWwau', '$2y$11$MQAe1z2NHIqUunQbX2HIruPuMdJ7gu0hd6H2d2yaXXwqbxRn/MaAe', 'Super Admin', 'company', 'free', '2016-12-20', 1, 6, 6, '0000-00-00 00:00:00', 0),
(7, '1', '', 'd', '$2y$11$ha0ADN432pYI/YhJILQ2heHL/nau3eaiQAg5sLaC3ZH2vgoGUhOKG', 'Super Admin', 'company', 'free', '2016-12-20', 0, 7, 6, '2999-12-31 00:00:00', 1),
(8, '1', '', 'E', '$2y$11$SzKoYfPWoRXdNiYyG2lExOk/EmseQ/ILWmh.JZl6zgyrdxgPNsvhW', 'Admin', 'company', 'free', '2016-12-20', 0, 8, 22, '0000-00-00 00:00:00', 1),
(9, '1', '', 'e', '$2y$11$WonwfncoFKWBeCcf8M8vIetgjzK7M3wvjPp5Zqd0aTcd1/.hizZQW', 'Admin', 'company', 'free', '2016-12-20', 0, 9, 23, '0000-00-00 00:00:00', 1),
(10, '2', '', 'd', '$2y$11$Y7zX.wKOQV6jZMxwMYB7feo5oBa2QOIYN6JIKUzz3VOWd/pSh8Ddi', 'Admin', 'company', 'free', '2016-12-20', 0, 10, 23, '2019-12-30 00:00:00', 1);

--
-- Indexes for dumped tables
--

--
-- Indexes for table `banks`
--
ALTER TABLE `banks`
  ADD PRIMARY KEY (`b_id`);

--
-- Indexes for table `business_partners_class`
--
ALTER TABLE `business_partners_class`
  ADD PRIMARY KEY (`bpc_id`);

--
-- Indexes for table `business_partners_type`
--
ALTER TABLE `business_partners_type`
  ADD PRIMARY KEY (`bpt_id`);

--
-- Indexes for table `cb_br`
--
ALTER TABLE `cb_br`
  ADD PRIMARY KEY (`cbbr_id`);

--
-- Indexes for table `coa`
--
ALTER TABLE `coa`
  ADD PRIMARY KEY (`coa_id`);

--
-- Indexes for table `coalvl_1_2`
--
ALTER TABLE `coalvl_1_2`
  ADD PRIMARY KEY (`coalvl12_id`);

--
-- Indexes for table `coalvl_2_3`
--
ALTER TABLE `coalvl_2_3`
  ADD PRIMARY KEY (`coalvl23_id`);

--
-- Indexes for table `coalvl_3_4`
--
ALTER TABLE `coalvl_3_4`
  ADD PRIMARY KEY (`coalvl34_id`);

--
-- Indexes for table `coalvl_4_5`
--
ALTER TABLE `coalvl_4_5`
  ADD PRIMARY KEY (`coalvl45_id`);

--
-- Indexes for table `coalvl_5_6`
--
ALTER TABLE `coalvl_5_6`
  ADD PRIMARY KEY (`coalvl56_id`);

--
-- Indexes for table `coa_lvl_1`
--
ALTER TABLE `coa_lvl_1`
  ADD PRIMARY KEY (`lvl_1_id`);

--
-- Indexes for table `coa_lvl_2`
--
ALTER TABLE `coa_lvl_2`
  ADD PRIMARY KEY (`lvl_2_id`);

--
-- Indexes for table `coa_lvl_3`
--
ALTER TABLE `coa_lvl_3`
  ADD PRIMARY KEY (`lvl_3_id`);

--
-- Indexes for table `coa_lvl_4`
--
ALTER TABLE `coa_lvl_4`
  ADD PRIMARY KEY (`lvl_4_id`);

--
-- Indexes for table `coa_lvl_5`
--
ALTER TABLE `coa_lvl_5`
  ADD PRIMARY KEY (`lvl_5_id`);

--
-- Indexes for table `coa_lvl_6`
--
ALTER TABLE `coa_lvl_6`
  ADD PRIMARY KEY (`lvl_6_id`);

--
-- Indexes for table `company_branches`
--
ALTER TABLE `company_branches`
  ADD PRIMARY KEY (`cb_id`);

--
-- Indexes for table `company_history`
--
ALTER TABLE `company_history`
  ADD PRIMARY KEY (`ch_id`);

--
-- Indexes for table `co_banks`
--
ALTER TABLE `co_banks`
  ADD PRIMARY KEY (`co_b_id`);

--
-- Indexes for table `co_bp_class`
--
ALTER TABLE `co_bp_class`
  ADD PRIMARY KEY (`cobpc_id`);

--
-- Indexes for table `co_business_partners`
--
ALTER TABLE `co_business_partners`
  ADD PRIMARY KEY (`co_bp_id`);

--
-- Indexes for table `co_coa`
--
ALTER TABLE `co_coa`
  ADD PRIMARY KEY (`co_coa_id`);

--
-- Indexes for table `co_coa_lvl1`
--
ALTER TABLE `co_coa_lvl1`
  ADD PRIMARY KEY (`id`);

--
-- Indexes for table `co_departments`
--
ALTER TABLE `co_departments`
  ADD PRIMARY KEY (`co_de_id`);

--
-- Indexes for table `co_discounts`
--
ALTER TABLE `co_discounts`
  ADD PRIMARY KEY (`co_d_id`);

--
-- Indexes for table `co_documents`
--
ALTER TABLE `co_documents`
  ADD PRIMARY KEY (`co_doc_id`);

--
-- Indexes for table `co_journals`
--
ALTER TABLE `co_journals`
  ADD PRIMARY KEY (`co_j_id`);

--
-- Indexes for table `co_modes_of_payment`
--
ALTER TABLE `co_modes_of_payment`
  ADD PRIMARY KEY (`co_mop_id`);

--
-- Indexes for table `co_others`
--
ALTER TABLE `co_others`
  ADD PRIMARY KEY (`co_o_id`);

--
-- Indexes for table `co_products`
--
ALTER TABLE `co_products`
  ADD PRIMARY KEY (`co_p_id`);

--
-- Indexes for table `co_profit_cost_centers`
--
ALTER TABLE `co_profit_cost_centers`
  ADD PRIMARY KEY (`co_pcc_id`);

--
-- Indexes for table `co_registrant`
--
ALTER TABLE `co_registrant`
  ADD PRIMARY KEY (`cor_id`);

--
-- Indexes for table `co_services`
--
ALTER TABLE `co_services`
  ADD PRIMARY KEY (`co_s_id`);

--
-- Indexes for table `co_taxes`
--
ALTER TABLE `co_taxes`
  ADD PRIMARY KEY (`co_t_id`);

--
-- Indexes for table `co_tax_types`
--
ALTER TABLE `co_tax_types`
  ADD PRIMARY KEY (`co_tt_id`);

--
-- Indexes for table `co_transaction`
--
ALTER TABLE `co_transaction`
  ADD PRIMARY KEY (`co_trans_id`);

--
-- Indexes for table `co_trans_bank_details`
--
ALTER TABLE `co_trans_bank_details`
  ADD PRIMARY KEY (`co_trans_bank_det_id`);

--
-- Indexes for table `co_trans_discounts`
--
ALTER TABLE `co_trans_discounts`
  ADD PRIMARY KEY (`co_trans_disc_id`);

--
-- Indexes for table `co_trans_doc_reference`
--
ALTER TABLE `co_trans_doc_reference`
  ADD PRIMARY KEY (`co_trans_doc_ref_id`);

--
-- Indexes for table `co_trans_ewt`
--
ALTER TABLE `co_trans_ewt`
  ADD PRIMARY KEY (`co_trans_ewt_id`);

--
-- Indexes for table `co_trans_fwt`
--
ALTER TABLE `co_trans_fwt`
  ADD PRIMARY KEY (`co_trans_fwt_id`);

--
-- Indexes for table `co_trans_journ_entry`
--
ALTER TABLE `co_trans_journ_entry`
  ADD PRIMARY KEY (`co_trans_je_id`);

--
-- Indexes for table `co_trans_other`
--
ALTER TABLE `co_trans_other`
  ADD PRIMARY KEY (`co_trans_other_id`);

--
-- Indexes for table `co_trans_products`
--
ALTER TABLE `co_trans_products`
  ADD PRIMARY KEY (`co_trans_prod_id`);

--
-- Indexes for table `co_trans_services`
--
ALTER TABLE `co_trans_services`
  ADD PRIMARY KEY (`co_trans_serv_id`);

--
-- Indexes for table `co_trans_vat`
--
ALTER TABLE `co_trans_vat`
  ADD PRIMARY KEY (`co_trans_vat_id`);

--
-- Indexes for table `co_types_of_payment`
--
ALTER TABLE `co_types_of_payment`
  ADD PRIMARY KEY (`co_top_id`);

--
-- Indexes for table `discounts`
--
ALTER TABLE `discounts`
  ADD PRIMARY KEY (`di_id`);

--
-- Indexes for table `documents`
--
ALTER TABLE `documents`
  ADD PRIMARY KEY (`d_id`);

--
-- Indexes for table `journals`
--
ALTER TABLE `journals`
  ADD PRIMARY KEY (`j_id`);

--
-- Indexes for table `modes_of_payment`
--
ALTER TABLE `modes_of_payment`
  ADD PRIMARY KEY (`mop_id`);

--
-- Indexes for table `profiles`
--
ALTER TABLE `profiles`
  ADD PRIMARY KEY (`p_id`);

--
-- Indexes for table `taxes`
--
ALTER TABLE `taxes`
  ADD PRIMARY KEY (`t_id`);

--
-- Indexes for table `tax_types`
--
ALTER TABLE `tax_types`
  ADD PRIMARY KEY (`tt_id`);

--
-- Indexes for table `types_of_payment`
--
ALTER TABLE `types_of_payment`
  ADD PRIMARY KEY (`top_id`);

--
-- Indexes for table `users`
--
ALTER TABLE `users`
  ADD PRIMARY KEY (`u_id`);

--
-- AUTO_INCREMENT for dumped tables
--

--
-- AUTO_INCREMENT for table `banks`
--
ALTER TABLE `banks`
  MODIFY `b_id` int(11) NOT NULL AUTO_INCREMENT,AUTO_INCREMENT=2;
--
-- AUTO_INCREMENT for table `business_partners_class`
--
ALTER TABLE `business_partners_class`
  MODIFY `bpc_id` int(11) NOT NULL AUTO_INCREMENT,AUTO_INCREMENT=41;
--
-- AUTO_INCREMENT for table `business_partners_type`
--
ALTER TABLE `business_partners_type`
  MODIFY `bpt_id` int(11) NOT NULL AUTO_INCREMENT,AUTO_INCREMENT=4;
--
-- AUTO_INCREMENT for table `cb_br`
--
ALTER TABLE `cb_br`
  MODIFY `cbbr_id` int(11) NOT NULL AUTO_INCREMENT,AUTO_INCREMENT=24;
--
-- AUTO_INCREMENT for table `coa`
--
ALTER TABLE `coa`
  MODIFY `coa_id` int(11) NOT NULL AUTO_INCREMENT,AUTO_INCREMENT=5;
--
-- AUTO_INCREMENT for table `coalvl_1_2`
--
ALTER TABLE `coalvl_1_2`
  MODIFY `coalvl12_id` int(11) NOT NULL AUTO_INCREMENT,AUTO_INCREMENT=35;
--
-- AUTO_INCREMENT for table `coalvl_2_3`
--
ALTER TABLE `coalvl_2_3`
  MODIFY `coalvl23_id` int(11) NOT NULL AUTO_INCREMENT,AUTO_INCREMENT=123;
--
-- AUTO_INCREMENT for table `coalvl_3_4`
--
ALTER TABLE `coalvl_3_4`
  MODIFY `coalvl34_id` int(11) NOT NULL AUTO_INCREMENT,AUTO_INCREMENT=295;
--
-- AUTO_INCREMENT for table `coalvl_4_5`
--
ALTER TABLE `coalvl_4_5`
  MODIFY `coalvl45_id` int(11) NOT NULL AUTO_INCREMENT,AUTO_INCREMENT=296;
--
-- AUTO_INCREMENT for table `coalvl_5_6`
--
ALTER TABLE `coalvl_5_6`
  MODIFY `coalvl56_id` int(11) NOT NULL AUTO_INCREMENT,AUTO_INCREMENT=295;
--
-- AUTO_INCREMENT for table `coa_lvl_1`
--
ALTER TABLE `coa_lvl_1`
  MODIFY `lvl_1_id` int(11) NOT NULL AUTO_INCREMENT,AUTO_INCREMENT=15;
--
-- AUTO_INCREMENT for table `coa_lvl_2`
--
ALTER TABLE `coa_lvl_2`
  MODIFY `lvl_2_id` int(11) NOT NULL AUTO_INCREMENT,AUTO_INCREMENT=35;
--
-- AUTO_INCREMENT for table `coa_lvl_3`
--
ALTER TABLE `coa_lvl_3`
  MODIFY `lvl_3_id` int(11) NOT NULL AUTO_INCREMENT,AUTO_INCREMENT=123;
--
-- AUTO_INCREMENT for table `coa_lvl_4`
--
ALTER TABLE `coa_lvl_4`
  MODIFY `lvl_4_id` int(11) NOT NULL AUTO_INCREMENT,AUTO_INCREMENT=295;
--
-- AUTO_INCREMENT for table `coa_lvl_5`
--
ALTER TABLE `coa_lvl_5`
  MODIFY `lvl_5_id` int(11) NOT NULL AUTO_INCREMENT,AUTO_INCREMENT=296;
--
-- AUTO_INCREMENT for table `coa_lvl_6`
--
ALTER TABLE `coa_lvl_6`
  MODIFY `lvl_6_id` int(11) NOT NULL AUTO_INCREMENT,AUTO_INCREMENT=295;
--
-- AUTO_INCREMENT for table `company_branches`
--
ALTER TABLE `company_branches`
  MODIFY `cb_id` int(11) NOT NULL AUTO_INCREMENT,AUTO_INCREMENT=24;
--
-- AUTO_INCREMENT for table `company_history`
--
ALTER TABLE `company_history`
  MODIFY `ch_id` int(11) NOT NULL AUTO_INCREMENT,AUTO_INCREMENT=24;
--
-- AUTO_INCREMENT for table `co_banks`
--
ALTER TABLE `co_banks`
  MODIFY `co_b_id` int(11) NOT NULL AUTO_INCREMENT,AUTO_INCREMENT=2;
--
-- AUTO_INCREMENT for table `co_bp_class`
--
ALTER TABLE `co_bp_class`
  MODIFY `cobpc_id` int(11) NOT NULL AUTO_INCREMENT,AUTO_INCREMENT=31;
--
-- AUTO_INCREMENT for table `co_business_partners`
--
ALTER TABLE `co_business_partners`
  MODIFY `co_bp_id` int(11) NOT NULL AUTO_INCREMENT,AUTO_INCREMENT=2;
--
-- AUTO_INCREMENT for table `co_coa`
--
ALTER TABLE `co_coa`
  MODIFY `co_coa_id` int(11) NOT NULL AUTO_INCREMENT;
--
-- AUTO_INCREMENT for table `co_coa_lvl1`
--
ALTER TABLE `co_coa_lvl1`
  MODIFY `id` int(11) NOT NULL AUTO_INCREMENT,AUTO_INCREMENT=7;
--
-- AUTO_INCREMENT for table `co_departments`
--
ALTER TABLE `co_departments`
  MODIFY `co_de_id` int(11) NOT NULL AUTO_INCREMENT,AUTO_INCREMENT=3;
--
-- AUTO_INCREMENT for table `co_discounts`
--
ALTER TABLE `co_discounts`
  MODIFY `co_d_id` int(11) NOT NULL AUTO_INCREMENT,AUTO_INCREMENT=2;
--
-- AUTO_INCREMENT for table `co_documents`
--
ALTER TABLE `co_documents`
  MODIFY `co_doc_id` int(11) NOT NULL AUTO_INCREMENT,AUTO_INCREMENT=3;
--
-- AUTO_INCREMENT for table `co_journals`
--
ALTER TABLE `co_journals`
  MODIFY `co_j_id` int(11) NOT NULL AUTO_INCREMENT,AUTO_INCREMENT=31;
--
-- AUTO_INCREMENT for table `co_modes_of_payment`
--
ALTER TABLE `co_modes_of_payment`
  MODIFY `co_mop_id` int(11) NOT NULL AUTO_INCREMENT,AUTO_INCREMENT=3;
--
-- AUTO_INCREMENT for table `co_others`
--
ALTER TABLE `co_others`
  MODIFY `co_o_id` int(11) NOT NULL AUTO_INCREMENT,AUTO_INCREMENT=2;
--
-- AUTO_INCREMENT for table `co_products`
--
ALTER TABLE `co_products`
  MODIFY `co_p_id` int(11) NOT NULL AUTO_INCREMENT,AUTO_INCREMENT=2;
--
-- AUTO_INCREMENT for table `co_profit_cost_centers`
--
ALTER TABLE `co_profit_cost_centers`
  MODIFY `co_pcc_id` int(11) NOT NULL AUTO_INCREMENT,AUTO_INCREMENT=2;
--
-- AUTO_INCREMENT for table `co_registrant`
--
ALTER TABLE `co_registrant`
  MODIFY `cor_id` int(11) NOT NULL AUTO_INCREMENT,AUTO_INCREMENT=6;
--
-- AUTO_INCREMENT for table `co_services`
--
ALTER TABLE `co_services`
  MODIFY `co_s_id` int(11) NOT NULL AUTO_INCREMENT;
--
-- AUTO_INCREMENT for table `co_taxes`
--
ALTER TABLE `co_taxes`
  MODIFY `co_t_id` int(11) NOT NULL AUTO_INCREMENT,AUTO_INCREMENT=7;
--
-- AUTO_INCREMENT for table `co_tax_types`
--
ALTER TABLE `co_tax_types`
  MODIFY `co_tt_id` int(11) NOT NULL AUTO_INCREMENT,AUTO_INCREMENT=36;
--
-- AUTO_INCREMENT for table `co_transaction`
--
ALTER TABLE `co_transaction`
  MODIFY `co_trans_id` int(11) NOT NULL AUTO_INCREMENT;
--
-- AUTO_INCREMENT for table `co_trans_bank_details`
--
ALTER TABLE `co_trans_bank_details`
  MODIFY `co_trans_bank_det_id` int(11) NOT NULL AUTO_INCREMENT;
--
-- AUTO_INCREMENT for table `co_trans_discounts`
--
ALTER TABLE `co_trans_discounts`
  MODIFY `co_trans_disc_id` int(11) NOT NULL AUTO_INCREMENT;
--
-- AUTO_INCREMENT for table `co_trans_doc_reference`
--
ALTER TABLE `co_trans_doc_reference`
  MODIFY `co_trans_doc_ref_id` int(11) NOT NULL AUTO_INCREMENT;
--
-- AUTO_INCREMENT for table `co_trans_ewt`
--
ALTER TABLE `co_trans_ewt`
  MODIFY `co_trans_ewt_id` int(11) NOT NULL AUTO_INCREMENT;
--
-- AUTO_INCREMENT for table `co_trans_fwt`
--
ALTER TABLE `co_trans_fwt`
  MODIFY `co_trans_fwt_id` int(11) NOT NULL AUTO_INCREMENT;
--
-- AUTO_INCREMENT for table `co_trans_journ_entry`
--
ALTER TABLE `co_trans_journ_entry`
  MODIFY `co_trans_je_id` int(11) NOT NULL AUTO_INCREMENT;
--
-- AUTO_INCREMENT for table `co_trans_other`
--
ALTER TABLE `co_trans_other`
  MODIFY `co_trans_other_id` int(11) NOT NULL AUTO_INCREMENT;
--
-- AUTO_INCREMENT for table `co_trans_products`
--
ALTER TABLE `co_trans_products`
  MODIFY `co_trans_prod_id` int(11) NOT NULL AUTO_INCREMENT;
--
-- AUTO_INCREMENT for table `co_trans_vat`
--
ALTER TABLE `co_trans_vat`
  MODIFY `co_trans_vat_id` int(11) NOT NULL AUTO_INCREMENT;
--
-- AUTO_INCREMENT for table `co_types_of_payment`
--
ALTER TABLE `co_types_of_payment`
  MODIFY `co_top_id` int(11) NOT NULL AUTO_INCREMENT;
--
-- AUTO_INCREMENT for table `discounts`
--
ALTER TABLE `discounts`
  MODIFY `di_id` int(11) NOT NULL AUTO_INCREMENT;
--
-- AUTO_INCREMENT for table `documents`
--
ALTER TABLE `documents`
  MODIFY `d_id` int(11) NOT NULL AUTO_INCREMENT,AUTO_INCREMENT=3;
--
-- AUTO_INCREMENT for table `journals`
--
ALTER TABLE `journals`
  MODIFY `j_id` int(11) NOT NULL AUTO_INCREMENT,AUTO_INCREMENT=37;
--
-- AUTO_INCREMENT for table `modes_of_payment`
--
ALTER TABLE `modes_of_payment`
  MODIFY `mop_id` int(11) NOT NULL AUTO_INCREMENT,AUTO_INCREMENT=3;
--
-- AUTO_INCREMENT for table `profiles`
--
ALTER TABLE `profiles`
  MODIFY `p_id` int(11) NOT NULL AUTO_INCREMENT,AUTO_INCREMENT=11;
--
-- AUTO_INCREMENT for table `taxes`
--
ALTER TABLE `taxes`
  MODIFY `t_id` int(11) NOT NULL AUTO_INCREMENT,AUTO_INCREMENT=69;
--
-- AUTO_INCREMENT for table `tax_types`
--
ALTER TABLE `tax_types`
  MODIFY `tt_id` int(11) NOT NULL AUTO_INCREMENT,AUTO_INCREMENT=43;
--
-- AUTO_INCREMENT for table `types_of_payment`
--
ALTER TABLE `types_of_payment`
  MODIFY `top_id` int(11) NOT NULL AUTO_INCREMENT,AUTO_INCREMENT=3;
--
-- AUTO_INCREMENT for table `users`
--
ALTER TABLE `users`
  MODIFY `u_id` int(11) NOT NULL AUTO_INCREMENT,AUTO_INCREMENT=11;
/*!40101 SET CHARACTER_SET_CLIENT=@OLD_CHARACTER_SET_CLIENT */;
/*!40101 SET CHARACTER_SET_RESULTS=@OLD_CHARACTER_SET_RESULTS */;
/*!40101 SET COLLATION_CONNECTION=@OLD_COLLATION_CONNECTION */;
